,group
TCGA-OR-A5LN-01A,1
TCGA-OR-A5KX-01A,1
TCGA-OU-A5PI-01A,1
TCGA-OR-A5K5-01A,1
TCGA-OR-A5JA-01A,1
TCGA-OR-A5K4-01A,1
TCGA-OR-A5J2-01A,1
TCGA-OR-A5JZ-01A,1
TCGA-OR-A5LK-01A,1
TCGA-OR-A5KO-01A,1
TCGA-OR-A5JR-01A,1
TCGA-OR-A5J9-01A,1
TCGA-OR-A5LH-01A,1
TCGA-OR-A5LL-01A,1
TCGA-OR-A5LT-01A,1
TCGA-OR-A5KU-01A,1
TCGA-OR-A5K8-01A,1
TCGA-PK-A5HA-01A,1
TCGA-OR-A5JV-01A,1
TCGA-OR-A5KZ-01A,1
TCGA-OR-A5JT-01A,1
TCGA-OR-A5K3-01A,1
TCGA-OR-A5J7-01A,1
TCGA-OR-A5J8-01A,1
TCGA-OR-A5LO-01A,1
TCGA-OR-A5K0-01A,1
TCGA-OR-A5LP-01A,1
TCGA-OR-A5LG-01A,1
TCGA-OR-A5LJ-01A,1
TCGA-OR-A5LM-01A,1
TCGA-OR-A5LS-01A,1
TCGA-OR-A5J3-01A,1
TCGA-OR-A5K1-01A,1
TCGA-OR-A5JP-01A,1
TCGA-P6-A5OG-01A,1
TCGA-PK-A5H8-01A,1
TCGA-OR-A5K6-01A,1
TCGA-OR-A5KY-01A,1
TCGA-OR-A5JW-01A,1
TCGA-OR-A5KW-01A,1
TCGA-PK-A5H9-01A,1
TCGA-OR-A5JS-01A,1
TCGA-PA-A5YG-01A,1
TCGA-OR-A5JY-01A,1
TCGA-OR-A5LD-01A,1
TCGA-OR-A5J6-01A,1
TCGA-CU-A3KJ-01A,2
TCGA-K4-A3WU-01B,2
TCGA-DK-A3IU-01A,2
TCGA-GV-A40G-01A,2
TCGA-DK-A3IN-01A,2
TCGA-UY-A78O-01A,2
TCGA-GD-A2C5-01A,2
TCGA-G2-A2EK-01A,2
TCGA-ZF-AA4W-01A,2
TCGA-C4-A0F6-01A,2
TCGA-XF-A9T3-01A,2
TCGA-ZF-A9RN-01A,2
TCGA-S5-A6DX-01A,2
TCGA-FJ-A3Z7-01A,2
TCGA-E7-A519-01A,2
TCGA-FD-A3SR-01A,2
TCGA-CU-A5W6-01A,2
TCGA-C4-A0EZ-01A,2
TCGA-XF-A9ST-01A,2
TCGA-GV-A3QH-01A,2
TCGA-4Z-AA81-01A,2
TCGA-CF-A3MG-01A,2
TCGA-G2-AA3B-01A,2
TCGA-GU-AATP-01A,2
TCGA-CF-A1HR-01A,2
TCGA-FD-A43N-01A,2
TCGA-4Z-AA82-01A,2
TCGA-CF-A5U8-01A,2
TCGA-K4-A6FZ-01A,2
TCGA-DK-A2I4-01A,2
TCGA-BL-A13J-01A,2
TCGA-GD-A76B-01A,2
TCGA-K4-A6MB-01A,2
TCGA-XF-A9SI-01A,2
TCGA-ZF-A9RM-01A,2
TCGA-4Z-AA83-01A,2
TCGA-CF-A27C-01A,2
TCGA-ZF-A9R0-01A,2
TCGA-FD-A5BV-01A,2
TCGA-FD-A6TF-01A,2
TCGA-DK-AA6R-01A,2
TCGA-4Z-AA80-01A,2
TCGA-XF-A9T0-01A,2
TCGA-GU-A762-01A,2
TCGA-DK-A1AE-01A,2
TCGA-ZF-AA52-01A,2
TCGA-BT-A3PK-01A,2
TCGA-FD-A3SJ-01A,2
TCGA-XF-A9SP-01A,2
TCGA-XF-A9T6-01A,2
TCGA-FD-A3B8-01A,2
TCGA-4Z-AA89-01A,2
TCGA-E7-A5KF-01A,2
TCGA-CF-A8HY-01A,2
TCGA-DK-A6B0-01A,2
TCGA-E7-A7DU-01A,2
TCGA-FD-A43S-01A,2
TCGA-FD-A5BX-01A,2
TCGA-BT-A20J-01A,2
TCGA-GC-A3I6-01A,2
TCGA-FT-A61P-01A,2
TCGA-E7-A8O8-01A,2
TCGA-CF-A9FL-01A,2
TCGA-DK-A3WY-01A,2
TCGA-FD-A3B4-01A,2
TCGA-FD-A3N6-01A,2
TCGA-XF-A9T2-01A,2
TCGA-GD-A6C6-01A,2
TCGA-CF-A1HS-01A,2
TCGA-CU-A3QU-01A,2
TCGA-CF-A3MH-01A,2
TCGA-FD-A62N-01A,2
TCGA-FD-A5BT-01A,2
TCGA-FD-A6TD-01A,2
TCGA-KQ-A41S-01A,2
TCGA-ZF-AA4V-01A,2
TCGA-XF-AAME-01A,2
TCGA-DK-AA75-01A,2
TCGA-DK-AA76-01A,2
TCGA-E7-A677-01A,2
TCGA-GU-AATO-01A,2
TCGA-MV-A51V-01A,2
TCGA-DK-A3WX-01A,2
TCGA-2F-A9KO-01A,2
TCGA-CF-A47V-01A,2
TCGA-DK-AA6M-01A,2
TCGA-FD-A5BR-01A,2
TCGA-HQ-A5NE-01A,2
TCGA-XF-AAN0-01A,2
TCGA-KQ-A41R-01A,2
TCGA-LT-A5Z6-01A,2
TCGA-XF-AAMX-01A,2
TCGA-BL-A13I-01A,2
TCGA-XF-A8HI-01A,2
TCGA-DK-A1AF-01A,2
TCGA-BT-A20P-01A,2
TCGA-ZF-A9RD-01A,2
TCGA-E7-A3Y1-01A,2
TCGA-DK-A1AB-01A,2
TCGA-GV-A6ZA-01A,2
TCGA-ZF-A9R1-01A,2
TCGA-XF-A9T4-01A,2
TCGA-FD-A6TA-01A,2
TCGA-XF-A9T5-01A,2
TCGA-UY-A8OB-01A,2
TCGA-YC-A89H-01A,2
TCGA-XF-A8HE-01A,2
TCGA-BT-A42E-01A,2
TCGA-BT-A2LD-01A,2
TCGA-XF-A8HB-01A,2
TCGA-FJ-A3ZE-01A,2
TCGA-K4-A83P-01A,2
TCGA-S5-AA26-01A,2
TCGA-BT-A3PH-01A,2
TCGA-FD-A5BZ-01A,2
TCGA-4Z-AA86-01A,2
TCGA-C4-A0F1-01A,2
TCGA-XF-AAMT-01A,2
TCGA-DK-A6B6-01A,2
TCGA-CU-A72E-01A,2
TCGA-ZF-A9R2-01A,2
TCGA-GU-AATQ-01A,2
TCGA-XF-AAN4-01A,2
TCGA-BT-A20O-01A,2
TCGA-ZF-AA54-01A,2
TCGA-XF-AAN5-01A,2
TCGA-BT-A20X-01A,2
TCGA-E7-A85H-01A,2
TCGA-DK-A1A3-01A,2
TCGA-DK-AA6L-01A,2
TCGA-E7-A3X6-01A,2
TCGA-BT-A2LB-01A,2
TCGA-CF-A47S-01A,2
TCGA-DK-A6B5-01A,2
TCGA-XF-A9SZ-01A,2
TCGA-KQ-A41P-01A,2
TCGA-XF-A8HD-01A,2
TCGA-BT-A20N-01A,2
TCGA-ZF-AA56-01A,2
TCGA-K4-A5RH-01A,2
TCGA-UY-A8OD-01A,2
TCGA-DK-A1AG-01A,2
TCGA-GU-A763-01A,2
TCGA-E7-A6MF-01A,2
TCGA-5N-A9KI-01A,2
TCGA-FD-A6TE-01A,2
TCGA-R3-A69X-01A,2
TCGA-UY-A78K-01A,2
TCGA-CF-A9FF-01A,2
TCGA-FD-A3SP-01A,2
TCGA-KQ-A41N-01A,2
TCGA-LT-A8JT-01A,2
TCGA-BT-A0S7-01A,2
TCGA-YC-A9TC-01A,2
TCGA-4Z-AA7R-01A,2
TCGA-BT-A2LA-01A,2
TCGA-4Z-AA7O-01A,2
TCGA-CF-A9FH-01A,2
TCGA-BT-A20U-01A,2
TCGA-XF-A8HF-01A,2
TCGA-CF-A47Y-01A,2
TCGA-YC-A8S6-01A,2
TCGA-XF-A9SY-01A,2
TCGA-K4-A4AB-01B,2
TCGA-DK-A3X1-01A,2
TCGA-FD-A3SM-01A,2
TCGA-FJ-A3Z9-01A,2
TCGA-DK-AA6Q-01A,2
TCGA-XF-AAN8-01A,2
TCGA-KQ-A41Q-01A,2
TCGA-H4-A2HQ-01A,2
TCGA-E7-A541-01A,2
TCGA-K4-A3WV-01A,2
TCGA-FD-A43Y-01A,2
TCGA-GU-A766-01A,2
TCGA-DK-AA77-01A,2
TCGA-ZF-A9R9-01A,2
TCGA-XF-AAMZ-01A,2
TCGA-CF-A3MI-01A,2
TCGA-4Z-AA7S-01A,2
TCGA-BT-A20R-01A,2
TCGA-XF-A9SW-01A,2
TCGA-FJ-A3ZF-01A,2
TCGA-2F-A9KR-01A,2
TCGA-4Z-AA7Q-01A,2
TCGA-CF-A9FM-01A,2
TCGA-DK-A3IT-01A,2
TCGA-GV-A3QF-01A,2
TCGA-DK-A3IV-01A,2
TCGA-CU-A0YN-01A,2
TCGA-DK-A1AA-01A,2
TCGA-GV-A40E-01A,2
TCGA-BL-A0C8-01A,2
TCGA-HQ-A2OE-01A,2
TCGA-CF-A47T-01A,2
TCGA-H4-A2HO-01A,2
TCGA-XF-AAMH-01A,2
TCGA-ZF-AA53-01A,2
TCGA-FD-A5C1-01A,2
TCGA-DK-A2I1-01A,2
TCGA-FD-A6TG-01A,2
TCGA-FD-A62S-01A,2
TCGA-HQ-A5ND-01A,2
TCGA-XF-A9SK-01A,2
TCGA-CF-A47W-01A,2
TCGA-ZF-AA5P-01A,2
TCGA-DK-A3WW-01A,2
TCGA-ZF-AA4T-01A,2
TCGA-DK-A3IQ-01A,2
TCGA-ZF-AA4N-01A,2
TCGA-FD-A3SN-01A,2
TCGA-K4-AAQO-01A,2
TCGA-DK-A6B1-01A,2
TCGA-FD-A6TI-01A,2
TCGA-YF-AA3M-01A,2
TCGA-BL-A3JM-01A,2
TCGA-UY-A78L-01A,2
TCGA-ZF-AA51-01A,2
TCGA-4Z-AA7M-01A,2
TCGA-GU-A764-01A,2
TCGA-2F-A9KQ-01A,2
TCGA-BT-A3PJ-01A,2
TCGA-DK-A6B2-01A,2
TCGA-GV-A3JV-01A,2
TCGA-XF-A8HH-01A,2
TCGA-4Z-AA84-01A,2
TCGA-BT-A20V-01A,2
TCGA-BT-A20T-01A,2
TCGA-DK-A2HX-01A,2
TCGA-E7-A7PW-01A,2
TCGA-GC-A3WC-01A,2
TCGA-FD-A43U-01A,2
TCGA-K4-A4AC-01A,2
TCGA-FD-A3NA-01A,2
TCGA-E7-A97P-01A,2
TCGA-HQ-A2OF-01A,2
TCGA-K4-A3WS-01A,2
TCGA-G2-A2ES-01A,2
TCGA-FD-A3SQ-01A,2
TCGA-GC-A3YS-01A,2
TCGA-FD-A3SS-01A,2
TCGA-UY-A78M-01A,2
TCGA-GV-A3QI-01A,2
TCGA-ZF-AA58-01A,2
TCGA-DK-AA74-01A,2
TCGA-FD-A6TK-01A,2
TCGA-BT-A42C-01A,2
TCGA-CU-A3YL-01A,2
TCGA-DK-A3IL-01A,2
TCGA-PQ-A6FI-01A,2
TCGA-XF-A8HC-01A,2
TCGA-FD-A3B6-01A,2
TCGA-FD-A5C0-01A,2
TCGA-GD-A3OQ-01A,2
TCGA-GV-A3QG-01A,2
TCGA-XF-AAMW-01A,2
TCGA-E7-A8O7-01A,2
TCGA-E7-A678-01A,2
TCGA-XF-AAML-01A,2
TCGA-4Z-AA87-01A,2
TCGA-E5-A2PC-01A,2
TCGA-GU-A42R-01A,2
TCGA-E7-A7XN-01A,2
TCGA-DK-A2I2-01A,2
TCGA-G2-A2EC-01A,2
TCGA-XF-AAMG-01A,2
TCGA-DK-A3IK-01A,2
TCGA-G2-A2EF-01A,2
TCGA-GD-A3OS-01A,2
TCGA-FD-A3SL-01A,2
TCGA-E7-A5KE-01A,2
TCGA-DK-AA6S-01A,2
TCGA-K4-A54R-01A,2
TCGA-FD-A3B5-01A,2
TCGA-K4-A5RJ-01A,2
TCGA-LC-A66R-01A,2
TCGA-E5-A4U1-01A,2
TCGA-FD-A6TB-01A,2
TCGA-GD-A3OP-01A,2
TCGA-CF-A3MF-01A,2
TCGA-CF-A8HX-01A,2
TCGA-UY-A78N-01A,2
TCGA-BT-A20W-01A,2
TCGA-DK-AA6P-01A,2
TCGA-FD-A62O-01A,2
TCGA-BT-A0YX-01A,2
TCGA-G2-A2EL-01A,2
TCGA-XF-A9T8-01A,2
TCGA-C4-A0F0-01A,2
TCGA-GV-A3JW-01A,2
TCGA-K4-A5RI-01A,2
TCGA-FD-A3B3-01A,2
TCGA-DK-A3X2-01A,2
TCGA-E7-A7DV-01A,2
TCGA-XF-A9SL-01A,2
TCGA-DK-A1AC-01A,2
TCGA-XF-AAN3-01A,2
TCGA-4Z-AA7Y-01A,2
TCGA-BT-A20Q-01A,2
TCGA-UY-A8OC-01A,2
TCGA-DK-A3IM-01A,2
TCGA-GV-A3QK-01B,2
TCGA-C4-A0F7-01A,2
TCGA-FD-A3B7-01A,2
TCGA-GC-A3BM-01A,2
TCGA-FD-A43X-01A,2
TCGA-G2-A3IE-01A,2
TCGA-DK-A1A5-01A,2
TCGA-UY-A9PD-01A,2
TCGA-E7-A6ME-01A,2
TCGA-GV-A3JZ-01A,2
TCGA-E7-A4XJ-01A,2
TCGA-KQ-A41O-01A,2
TCGA-XF-A9SX-01A,2
TCGA-FD-A3N5-01A,2
TCGA-XF-A9SM-01A,2
TCGA-XF-A9SJ-01A,2
TCGA-CF-A5UA-01A,2
TCGA-FD-A5BS-01A,2
TCGA-G2-A3IB-01A,2
TCGA-XF-A8HG-01A,2
TCGA-XF-A9SH-01A,2
TCGA-2F-A9KT-01A,2
TCGA-G2-AA3C-01A,2
TCGA-G2-A2EJ-01A,2
TCGA-G2-A3VY-01A,2
TCGA-XF-A9SV-01A,2
TCGA-4Z-AA7W-01A,2
TCGA-XF-AAMQ-01A,2
TCGA-FD-A3SO-01A,2
TCGA-G2-A2EO-01A,2
TCGA-DK-A1AD-01A,2
TCGA-XF-AAMJ-01A,2
TCGA-DK-A1A6-01A,2
TCGA-XF-AAN2-01A,2
TCGA-XF-AAMY-01A,2
TCGA-XF-AAN7-01A,2
TCGA-E7-A6MD-01A,2
TCGA-D8-A146-01A,3
TCGA-C8-A274-01A,3
TCGA-AO-A0J5-01A,3
TCGA-BH-A0B1-01A,3
TCGA-A2-A0YM-01A,3
TCGA-AO-A03N-01B,3
TCGA-AO-A1KQ-01A,3
TCGA-E2-A1LE-01A,3
TCGA-AN-A0AK-01A,3
TCGA-BH-A28Q-01A,3
TCGA-BH-A0BM-01A,3
TCGA-AO-A03O-01A,3
TCGA-AC-A4ZE-01A,3
TCGA-E9-A22A-01A,3
TCGA-AR-A0TW-01A,3
TCGA-BH-A1FE-01A,3
TCGA-BH-A1FE-11B,3
TCGA-A2-A3XX-01A,3
TCGA-A8-A095-01A,3
TCGA-AN-A0FL-01A,3
TCGA-D8-A1Y2-01A,3
TCGA-C8-A138-01A,3
TCGA-AR-A255-01A,3
TCGA-GM-A5PV-01A,3
TCGA-E2-A108-01A,3
TCGA-AC-A2BM-01A,3
TCGA-AC-A3W7-01A,3
TCGA-E9-A1QZ-01A,3
TCGA-AR-A24K-01A,3
TCGA-BH-A0H9-01A,3
TCGA-A8-A09B-01A,3
TCGA-A2-A0YT-01A,3
TCGA-BH-A0B5-01A,3
TCGA-C8-A131-01A,3
TCGA-A1-A0SK-01A,3
TCGA-3C-AALK-01A,3
TCGA-A2-A0CV-01A,3
TCGA-C8-A12Q-01A,3
TCGA-AR-A1AL-01A,3
TCGA-AN-A0XP-01A,3
TCGA-A7-A4SF-01A,3
TCGA-LL-A740-01A,3
TCGA-E9-A1N6-11A,3
TCGA-EW-A1J5-01A,3
TCGA-BH-A18G-01A,3
TCGA-A8-A07R-01A,3
TCGA-EW-A6SB-01A,3
TCGA-A2-A04Q-01A,3
TCGA-C8-A12X-01A,3
TCGA-Z7-A8R5-01A,3
TCGA-A2-A0EV-01A,3
TCGA-AR-A0U4-01A,3
TCGA-A8-A06X-01A,3
TCGA-PL-A8LY-01A,3
TCGA-A2-A4S2-01A,3
TCGA-A2-A04Y-01A,3
TCGA-D8-A1JA-01A,3
TCGA-D8-A27E-01A,3
TCGA-A1-A0SO-01A,3
TCGA-BH-A18N-11A,3
TCGA-GM-A2D9-01A,3
TCGA-LL-A5YP-01A,3
TCGA-E2-A1IU-01A,3
TCGA-A7-A26E-01A,3
TCGA-AC-A2FB-01A,3
TCGA-A2-A04W-01A,3
TCGA-A2-A0T1-01A,3
TCGA-B6-A0IQ-01A,3
TCGA-E9-A1N3-01A,3
TCGA-AC-A2B8-01A,3
TCGA-BH-A204-01A,3
TCGA-AO-A03U-01B,3
TCGA-LL-A7SZ-01A,3
TCGA-D8-A1XZ-01A,3
TCGA-E2-A1LL-01A,3
TCGA-AO-A12E-01A,3
TCGA-S3-AA12-01A,3
TCGA-E2-A15J-01A,3
TCGA-AR-A24L-01A,3
TCGA-BH-A0B7-11A,3
TCGA-A1-A0SJ-01A,3
TCGA-A7-A4SA-01A,3
TCGA-S3-AA10-01A,3
TCGA-AR-A1AJ-01A,3
TCGA-LL-A5YL-01A,3
TCGA-E9-A244-01A,3
TCGA-B6-A0X0-01A,3
TCGA-AO-A1KT-01A,3
TCGA-E2-A1LK-01A,3
TCGA-EW-A1P4-01A,3
TCGA-BH-A1FL-01A,3
TCGA-A2-A0ST-01A,3
TCGA-E9-A22H-01A,3
TCGA-E2-A15K-01A,3
TCGA-E2-A15K-06A,3
TCGA-AR-A24Z-01A,3
TCGA-E9-A1NG-01A,3
TCGA-AR-A1AW-01A,3
TCGA-D8-A1JK-01A,3
TCGA-3C-AALI-01A,3
TCGA-BH-A0E7-01A,3
TCGA-AC-A6NO-01A,3
TCGA-C8-A8HP-01A,3
TCGA-AO-A0JL-01A,3
TCGA-A7-A0CJ-01A,3
TCGA-BH-A18Q-01A,3
TCGA-D8-A27T-01A,3
TCGA-D8-A1JS-01A,3
TCGA-BH-A0DL-01A,3
TCGA-EW-A423-01A,3
TCGA-C8-A26Y-01A,3
TCGA-BH-A2L8-01A,3
TCGA-D8-A1JI-01A,3
TCGA-D8-A3Z5-01A,3
TCGA-BH-A0AV-01A,3
TCGA-A8-A075-01A,3
TCGA-BH-A1FM-01A,3
TCGA-B6-A0I9-01A,3
TCGA-AO-A0JM-01A,3
TCGA-AQ-A54N-01A,3
TCGA-AO-A0JG-01A,3
TCGA-AO-A12G-01A,3
TCGA-GM-A2DN-01A,3
TCGA-E2-A15M-01A,3
TCGA-BH-A8G0-01A,3
TCGA-A8-A082-01A,3
TCGA-AR-A24X-01A,3
TCGA-D8-A142-01A,3
TCGA-A2-A0CS-01A,3
TCGA-D8-A1Y0-01A,3
TCGA-E9-A22D-01A,3
TCGA-BH-A0C7-01B,3
TCGA-A7-A3J1-01A,3
TCGA-A7-A2KD-01A,3
TCGA-S3-AA14-01A,3
TCGA-BH-A0AY-01A,3
TCGA-BH-A0AY-11A,3
TCGA-E9-A1RB-01A,3
TCGA-D8-A1XK-01A,3
TCGA-A2-A0CT-01A,3
TCGA-D8-A1XQ-01A,3
TCGA-C8-A135-01A,3
TCGA-D8-A1X9-01A,3
TCGA-AO-A0JE-01A,3
TCGA-HN-A2OB-01A,3
TCGA-A8-A09M-01A,3
TCGA-E9-A1RH-01A,3
TCGA-BH-A1EV-01A,3
TCGA-A8-A09I-01A,3
TCGA-AR-A2LR-01A,3
TCGA-C8-A1HO-01A,3
TCGA-EW-A2FW-01A,3
TCGA-AR-A2LL-01A,3
TCGA-5L-AAT1-01A,3
TCGA-A7-A0DA-01A,3
TCGA-A8-A091-01A,3
TCGA-B6-A0IK-01A,3
TCGA-GM-A2DO-01A,3
TCGA-EW-A6SD-01A,3
TCGA-AR-A24Q-01A,3
TCGA-A2-A0D4-01A,3
TCGA-LL-A442-01A,3
TCGA-D8-A143-01A,3
TCGA-BH-A1FD-11B,3
TCGA-E2-A572-01A,3
TCGA-PE-A5DC-01A,3
TCGA-A2-A259-01A,3
TCGA-A8-A06P-01A,3
TCGA-BH-A0DI-01A,3
TCGA-BH-A0W5-01A,3
TCGA-AC-A2FG-01A,3
TCGA-AQ-A7U7-01A,3
TCGA-AO-A0JD-01A,3
TCGA-D8-A1JG-01B,3
TCGA-E2-A15T-01A,3
TCGA-AO-A128-01A,3
TCGA-AN-A0FZ-01A,3
TCGA-A1-A0SH-01A,3
TCGA-E2-A14V-01A,3
TCGA-BH-A1FB-01A,3
TCGA-E9-A1NF-11A,3
TCGA-E9-A1NF-01A,3
TCGA-AC-A3HN-01A,3
TCGA-A8-A08P-01A,3
TCGA-D8-A1XD-01A,3
TCGA-B6-A0WX-01A,3
TCGA-AC-A23E-01A,3
TCGA-C8-A278-01A,3
TCGA-AR-A2LN-01A,3
TCGA-A2-A0EQ-01A,3
TCGA-D8-A27W-01A,3
TCGA-AR-A0U2-01A,3
TCGA-BH-A18T-01A,3
TCGA-AO-A1KS-01A,3
TCGA-A7-A26G-01A,3
TCGA-BH-A1F5-01A,3
TCGA-BH-A0B4-01A,3
TCGA-EW-A1P8-01A,3
TCGA-EW-A424-01A,3
TCGA-A2-A3KD-01A,3
TCGA-B6-A0RO-01A,3
TCGA-E2-A15I-01A,3
TCGA-GM-A3XG-01A,3
TCGA-AR-A24S-01A,3
TCGA-AC-A2BK-01A,3
TCGA-BH-A0BV-01A,3
TCGA-A2-A0ER-01A,3
TCGA-A2-A0YI-01A,3
TCGA-BH-A0DT-01A,3
TCGA-A8-A08G-01A,3
TCGA-E2-A1B0-01A,3
TCGA-AO-A12A-01A,3
TCGA-A2-A0D2-01A,3
TCGA-E9-A24A-01A,3
TCGA-A7-A0CG-01A,3
TCGA-BH-A1EW-11B,3
TCGA-4H-AAAK-01A,3
TCGA-LL-A441-01A,3
TCGA-BH-A18V-01A,3
TCGA-BH-A18V-06A,3
TCGA-D8-A1JE-01A,3
TCGA-AO-A03L-01A,3
TCGA-D8-A1XS-01A,3
TCGA-BH-A42T-01A,3
TCGA-AN-A0FS-01A,3
TCGA-AN-A0AM-01A,3
TCGA-AR-A24O-01A,3
TCGA-LL-A440-01A,3
TCGA-GM-A3XL-01A,3
TCGA-D8-A1XY-01A,3
TCGA-B6-A0IO-01A,3
TCGA-C8-A137-01A,3
TCGA-A2-A0ES-01A,3
TCGA-OL-A5RW-01A,3
TCGA-LL-A73Z-01A,3
TCGA-GM-A2DB-01A,3
TCGA-AN-A0AL-01A,3
TCGA-A2-A0YC-01A,3
TCGA-AO-A0JB-01A,3
TCGA-AN-A0XU-01A,3
TCGA-BH-A0W4-01A,3
TCGA-A2-A0D1-01A,3
TCGA-B6-A0IJ-01A,3
TCGA-AN-A0FY-01A,3
TCGA-A7-A13F-01A,3
TCGA-BH-A1F0-01A,3
TCGA-A2-A3KC-01A,3
TCGA-BH-A18U-01A,3
TCGA-BH-A0E0-01A,3
TCGA-BH-A0BT-01A,3
TCGA-OL-A5RV-01A,3
TCGA-OL-A66O-01A,3
TCGA-D8-A1JD-01A,3
TCGA-A8-A06Y-01A,3
TCGA-D8-A27F-01A,3
TCGA-B6-A0IB-01A,3
TCGA-LL-A6FR-01A,3
TCGA-A7-A3IZ-01A,3
TCGA-AR-A0TT-01A,3
TCGA-A7-A0D9-01A,3
TCGA-D8-A13Y-01A,3
TCGA-A2-A3XV-01A,3
TCGA-E2-A14Y-01A,3
TCGA-LD-A7W5-01A,3
TCGA-S3-A6ZG-01A,3
TCGA-A2-A04V-01A,3
TCGA-BH-A1EU-01A,3
TCGA-D8-A1XT-01A,3
TCGA-E9-A22E-01A,3
TCGA-AN-A0FJ-01A,3
TCGA-BH-A18P-11A,3
TCGA-A2-A0EW-01A,3
TCGA-E2-A15H-01A,3
TCGA-AR-A24P-01A,3
TCGA-AO-A0J2-01A,3
TCGA-EW-A2FS-01A,3
TCGA-AR-A1AV-01A,3
TCGA-E2-A1BC-01A,3
TCGA-BH-A0HU-01A,3
TCGA-LD-A7W6-01A,3
TCGA-C8-A8HR-01A,3
TCGA-BH-A0DD-01A,3
TCGA-D8-A1JF-01A,3
TCGA-BH-A0DG-01A,3
TCGA-OL-A5D8-01A,3
TCGA-D8-A27H-01A,3
TCGA-A2-A1G6-01A,3
TCGA-A2-A0YH-01A,3
TCGA-BH-A208-11A,3
TCGA-EW-A1J3-01A,3
TCGA-A7-A26H-01A,3
TCGA-GM-A3NY-01A,3
TCGA-E2-A153-01A,3
TCGA-A2-A1G1-01A,3
TCGA-JL-A3YX-01A,3
TCGA-A2-A0CY-01A,3
TCGA-AN-A0FT-01A,3
TCGA-A2-A1FV-01A,3
TCGA-AR-A0TU-01A,3
TCGA-E2-A155-01A,3
TCGA-AR-A2LM-01A,3
TCGA-A2-A0SV-01A,3
TCGA-E9-A22G-01A,3
TCGA-A8-A07S-01A,3
TCGA-A2-A0EP-01A,3
TCGA-AR-A0TS-01A,3
TCGA-BH-A0B2-01A,3
TCGA-AN-A0FD-01A,3
TCGA-BH-A0BS-01A,3
TCGA-AR-A2LE-01A,3
TCGA-S3-AA11-01A,3
TCGA-AO-A124-01A,3
TCGA-BH-A0B0-01A,3
TCGA-A2-A0CR-01A,3
TCGA-AR-A24M-01A,3
TCGA-BH-A0BZ-01A,3
TCGA-A8-A07F-01A,3
TCGA-B6-A0RM-01A,3
TCGA-BH-A1EN-01A,3
TCGA-C8-A12Y-01A,3
TCGA-C8-A12V-01A,3
TCGA-EW-A1PC-01B,3
TCGA-A2-A0EO-01A,3
TCGA-A7-A26F-01A,3
TCGA-EW-A1J2-01A,3
TCGA-UL-AAZ6-01A,3
TCGA-A2-A0CL-01A,3
TCGA-AR-A0U3-01A,3
TCGA-BH-A1F8-01A,3
TCGA-A2-A0CQ-01A,3
TCGA-BH-A6R8-01A,3
TCGA-AR-A1AS-01A,3
TCGA-BH-A0BQ-01A,3
TCGA-BH-A0DP-11A,3
TCGA-A8-A081-01A,3
TCGA-AR-A2LJ-01A,3
TCGA-D8-A1XC-01A,3
TCGA-E9-A1RI-01A,3
TCGA-AC-A62X-01A,3
TCGA-C8-A1HK-01A,3
TCGA-BH-A0B6-01A,3
TCGA-A8-A083-01A,3
TCGA-C8-A12T-01A,3
TCGA-D8-A1XA-01A,3
TCGA-E2-A15A-06A,3
TCGA-E2-A15A-01A,3
TCGA-AR-A24W-01A,3
TCGA-A7-A0CH-01A,3
TCGA-BH-A1EW-01A,3
TCGA-A2-A0EX-01A,3
TCGA-C8-A8HQ-01A,3
TCGA-B6-A0RU-01A,3
TCGA-A7-A0CE-01A,3
TCGA-GM-A2DI-01A,3
TCGA-E9-A243-01A,3
TCGA-E2-A159-01A,3
TCGA-D8-A27N-01A,3
TCGA-A8-A08Z-01A,3
TCGA-AC-A5XS-01A,3
TCGA-C8-A26Z-01A,3
TCGA-AC-A2QJ-01A,3
TCGA-AR-A24R-01A,3
TCGA-A8-A08H-01A,3
TCGA-EW-A1PG-01A,3
TCGA-BH-A1FN-11A,3
TCGA-BH-A1FN-01A,3
TCGA-E2-A1BD-01A,3
TCGA-A7-A5ZV-01A,3
TCGA-AR-A1AH-01A,3
TCGA-A8-A09X-01A,3
TCGA-BH-A208-01A,3
TCGA-GM-A2DM-01A,3
TCGA-A2-A0YJ-01A,3
TCGA-BH-A18S-01A,3
TCGA-GM-A2DH-01A,3
TCGA-OL-A5RZ-01A,3
TCGA-OL-A5RX-01A,3
TCGA-C8-A273-01A,3
TCGA-A2-A0CK-01A,3
TCGA-A2-A4RY-01A,3
TCGA-BH-A8FY-01A,3
TCGA-E2-A9RU-01A,3
TCGA-AC-A3QP-01A,3
TCGA-A7-A13E-01A,3
TCGA-BH-A0DH-01A,3
TCGA-A8-A09W-01A,3
TCGA-B6-A0RV-01A,3
TCGA-D8-A1JT-01A,3
TCGA-E9-A1R3-01A,3
TCGA-A8-A07O-01A,3
TCGA-C8-A275-01A,3
TCGA-S3-AA0Z-01A,3
TCGA-E9-A229-01A,3
TCGA-A2-A04P-01A,3
TCGA-D8-A1XM-01A,3
TCGA-AN-A0FW-01A,3
TCGA-LL-A6FQ-01A,3
TCGA-E2-A1LS-01A,3
TCGA-AO-A0J7-01A,3
TCGA-E9-A3X8-01A,3
TCGA-C8-A3M7-01A,3
TCGA-A2-A0T0-01A,3
TCGA-OL-A66J-01A,3
TCGA-EW-A6SC-01A,3
TCGA-AN-A0AJ-01A,3
TCGA-BH-A0DV-01A,3
TCGA-AQ-A54O-01A,3
TCGA-A2-A0CU-01A,3
TCGA-AR-A2LH-01A,3
TCGA-BH-A0AU-01A,3
TCGA-D8-A1Y1-01A,3
TCGA-AO-A1KP-01A,3
TCGA-A8-A09G-01A,3
TCGA-E9-A1RD-01A,3
TCGA-OL-A6VO-01A,3
TCGA-AO-A0J3-01A,3
TCGA-AR-A1AO-01A,3
TCGA-AR-A254-01A,3
TCGA-D8-A27L-01A,3
TCGA-D8-A1J8-01A,3
TCGA-GM-A4E0-01A,3
TCGA-BH-A0E1-11A,3
TCGA-E2-A14X-01A,3
TCGA-BH-A0BR-01A,3
TCGA-BH-A0HY-01A,3
TCGA-BH-A42U-01A,3
TCGA-A8-A08T-01A,3
TCGA-A2-A0CW-01A,3
TCGA-AN-A041-01A,3
TCGA-AC-A3W5-01A,3
TCGA-A2-A0D0-01A,3
TCGA-EW-A1PA-01A,3
TCGA-E9-A227-01A,3
TCGA-E9-A2JS-01A,3
TCGA-C8-A1HM-01A,3
TCGA-OL-A5DA-01A,3
TCGA-A8-A08L-01A,3
TCGA-AR-A24N-01A,3
TCGA-E2-A14Q-01A,3
TCGA-AN-A0FK-01A,3
TCGA-E2-A154-01A,3
TCGA-5T-A9QA-01A,3
TCGA-AR-A5QQ-01A,3
TCGA-AC-A3YJ-01A,3
TCGA-A2-A0YF-01A,3
TCGA-E9-A1N8-01A,3
TCGA-BH-A0H6-01A,3
TCGA-A8-A09A-01A,3
TCGA-D8-A27V-01A,3
TCGA-GM-A2DD-01A,3
TCGA-A2-A0T4-01A,3
TCGA-E9-A2JT-01A,3
TCGA-BH-A203-01A,3
TCGA-D8-A1JL-01A,3
TCGA-BH-A18M-01A,3
TCGA-EW-A2FV-01A,3
TCGA-BH-A1FJ-01A,3
TCGA-BH-A18R-11A,3
TCGA-BH-A18R-01A,3
TCGA-EW-A1OW-01A,3
TCGA-LL-A5YM-01A,3
TCGA-AO-A0J6-01A,3
TCGA-AR-A1AX-01A,3
TCGA-A8-A099-01A,3
TCGA-LL-A5YN-01A,3
TCGA-EW-A1J1-01A,3
TCGA-E2-A1LG-01A,3
TCGA-E2-A107-01A,3
TCGA-C8-A27B-01A,3
TCGA-GM-A2DL-01A,3
TCGA-BH-A0DK-11A,3
TCGA-E9-A1ND-11A,3
TCGA-AO-A03P-01A,3
TCGA-D8-A1JH-01A,3
TCGA-AO-A1KO-01A,3
TCGA-A2-A0SU-01A,3
TCGA-E2-A14O-01A,3
TCGA-BH-A0DS-01A,3
TCGA-A8-A09Z-01A,3
TCGA-D8-A147-01A,3
TCGA-BH-A0HP-01A,3
TCGA-OL-A66P-01A,3
TCGA-E9-A1N5-11A,3
TCGA-AQ-A1H3-01A,3
TCGA-A2-A0YE-01A,3
TCGA-BH-A0BC-01A,3
TCGA-E2-A150-01A,3
TCGA-B6-A0I2-01A,3
TCGA-AN-A049-01A,3
TCGA-E9-A1RA-01A,3
TCGA-A1-A0SF-01A,3
TCGA-A8-A079-01A,3
TCGA-S3-AA17-01A,3
TCGA-BH-A0BA-01A,3
TCGA-A2-A0D3-01A,3
TCGA-C8-A132-01A,3
TCGA-PE-A5DE-01A,3
TCGA-LQ-A4E4-01A,3
TCGA-A7-A4SD-01A,3
TCGA-A7-A425-01A,3
TCGA-AR-A24U-01A,3
TCGA-AN-A0FV-01A,3
TCGA-AC-A3W6-01A,3
TCGA-BH-A0HK-11A,3
TCGA-BH-A0HK-01A,3
TCGA-AR-A2LK-01A,3
TCGA-D8-A73X-01A,3
TCGA-BH-A0H5-01A,3
TCGA-A8-A09R-01A,3
TCGA-A7-A13D-01A,3
TCGA-D8-A1X8-01A,3
TCGA-E2-A14P-01A,3
TCGA-AN-A04A-01A,3
TCGA-C8-A27A-01A,3
TCGA-A2-A25D-01A,3
TCGA-A8-A085-01A,3
TCGA-E9-A1RG-01A,3
TCGA-AC-A8OQ-01A,3
TCGA-AC-A23C-01A,3
TCGA-D8-A27M-01A,3
TCGA-A2-A0YL-01A,3
TCGA-D8-A1JU-01A,3
TCGA-C8-A1HE-01A,3
TCGA-EW-A2FR-01A,3
TCGA-PE-A5DD-01A,3
TCGA-E9-A1NH-01A,3
TCGA-BH-A203-11A,3
TCGA-AO-A0JF-01A,3
TCGA-E2-A1IL-01A,3
TCGA-AC-A2FM-01A,3
TCGA-A2-A25A-01A,3
TCGA-EW-A1PB-01A,3
TCGA-E2-A1AZ-01A,3
TCGA-AO-A12B-01A,3
TCGA-AR-A1AM-01A,3
TCGA-GM-A5PX-01A,3
TCGA-D8-A73W-01A,3
TCGA-E2-A14W-01A,3
TCGA-E2-A15O-01A,3
TCGA-S3-A6ZH-01A,3
TCGA-E2-A15F-01A,3
TCGA-E2-A158-01A,3
TCGA-A7-A0DB-01A,3
TCGA-E2-A156-01A,3
TCGA-E2-A152-01A,3
TCGA-AN-A0XN-01A,3
TCGA-E9-A1R0-01A,3
TCGA-B6-A0RH-01A,3
TCGA-A2-A1G4-01A,3
TCGA-BH-A0C1-01B,3
TCGA-AQ-A1H2-01A,3
TCGA-AR-A1AT-01A,3
TCGA-D8-A27P-01A,3
TCGA-E9-A3Q9-01A,3
TCGA-AC-A2QI-01A,3
TCGA-E9-A1NI-01A,3
TCGA-E9-A1RF-01A,3
TCGA-AO-A129-01A,3
TCGA-B6-A0RQ-01A,3
TCGA-A2-A0CX-01A,3
TCGA-AR-A0TZ-01A,3
TCGA-A8-A086-01A,3
TCGA-E9-A3HO-01A,3
TCGA-E9-A249-01A,3
TCGA-AC-A6IW-01A,3
TCGA-AC-A3TN-01A,3
TCGA-EW-A1P0-01A,3
TCGA-E2-A10B-01A,3
TCGA-A2-A0CP-01A,3
TCGA-XX-A899-01A,3
TCGA-E9-A1N5-01A,3
TCGA-PL-A8LX-01A,3
TCGA-A2-A3XZ-01A,3
TCGA-A2-A0EU-01A,3
TCGA-E9-A295-01A,3
TCGA-S3-AA15-01A,3
TCGA-C8-A26W-01A,3
TCGA-E9-A245-01A,3
TCGA-AO-A0JJ-01A,3
TCGA-BH-A1FR-01A,3
TCGA-C8-A12O-01A,3
TCGA-BH-A18F-01A,3
TCGA-A2-A4S1-01A,3
TCGA-AR-A0TV-01A,3
TCGA-AN-A04D-01A,3
TCGA-BH-A1ET-01A,3
TCGA-BH-A1ET-11B,3
TCGA-BH-A0E2-01A,3
TCGA-AO-A12D-01A,3
TCGA-E2-A3DX-01A,3
TCGA-A2-A04U-01A,3
TCGA-BH-A18J-01A,3
TCGA-AO-A126-01A,3
TCGA-BH-A18H-01A,3
TCGA-BH-A0HX-01A,3
TCGA-BH-A202-01A,3
TCGA-BH-A201-01A,3
TCGA-WT-AB41-01A,3
TCGA-BH-A0RX-01A,3
TCGA-AR-A5QP-01A,3
TCGA-AR-A24V-01A,3
TCGA-D8-A140-01A,3
TCGA-E9-A1NE-01A,3
TCGA-C8-A12P-01A,3
TCGA-Z7-A8R6-01A,3
TCGA-EW-A1OV-01A,3
TCGA-A2-A1FX-01A,3
TCGA-AR-A2LO-01A,3
TCGA-A7-A26I-01A,3
TCGA-E9-A5FK-01A,3
TCGA-A2-A04T-01A,3
TCGA-EW-A1PE-01A,3
TCGA-D8-A1XW-01A,3
TCGA-AR-A0TP-01A,3
TCGA-C8-A26V-01A,3
TCGA-A8-A08X-01A,3
TCGA-AC-A2FE-01A,3
TCGA-A7-A4SC-01A,3
TCGA-OL-A66N-01A,3
TCGA-A2-A0CM-01A,3
TCGA-D8-A1X5-01A,3
TCGA-BH-A0EB-01A,3
TCGA-AN-A0AR-01A,3
TCGA-E2-A1L8-01A,3
TCGA-EW-A1P1-01A,3
TCGA-E2-A2P5-01A,3
TCGA-BH-A0BP-01A,3
TCGA-EW-A1PD-01A,3
TCGA-BH-A0DK-01A,3
TCGA-E9-A1ND-01A,3
TCGA-E2-A109-01A,3
TCGA-A2-A4RX-01A,3
TCGA-A8-A06R-01A,3
TCGA-AR-A0TX-01A,3
TCGA-E9-A3QA-01A,3
TCGA-AR-A0TR-01A,3
TCGA-A2-A0YG-01A,3
TCGA-EW-A1IZ-01A,3
TCGA-C8-A3M8-01A,3
TCGA-E9-A5FL-01A,3
TCGA-BH-A0EE-01A,3
TCGA-E9-A1RF-11A,3
TCGA-A2-A25F-01A,3
TCGA-E2-A15D-01A,3
TCGA-OL-A5D7-01A,3
TCGA-E9-A1N9-01A,3
TCGA-E9-A1N9-11A,3
TCGA-A8-A0A7-01A,3
TCGA-AO-A1KR-01A,3
TCGA-C8-A12N-01A,3
TCGA-LL-A5YO-01A,3
TCGA-A8-A08A-01A,3
TCGA-A2-A1FZ-01A,3
TCGA-BH-A1FC-01A,3
TCGA-C8-A12U-01A,3
TCGA-AR-A1AI-01A,3
TCGA-B6-A2IU-01A,3
TCGA-AR-A1AQ-01A,3
TCGA-A2-A0SW-01A,3
TCGA-A8-A094-01A,3
TCGA-A2-A4S3-01A,3
TCGA-AR-A2LQ-01A,3
TCGA-C8-A12Z-01A,3
TCGA-C8-A133-01A,3
TCGA-E9-A22B-01A,3
TCGA-E9-A228-01A,3
TCGA-E9-A247-01A,3
TCGA-D8-A1JJ-01A,3
TCGA-D8-A1XB-01A,3
TCGA-LL-A9Q3-01A,3
TCGA-BH-A1FD-01A,3
TCGA-OL-A66K-01A,3
TCGA-AC-A2FF-01A,3
TCGA-E2-A15L-01A,3
TCGA-E9-A6HE-01A,3
TCGA-GM-A2DF-01A,3
TCGA-BH-A0BW-01A,3
TCGA-A2-A25B-01A,3
TCGA-BH-A1FE-06A,3
TCGA-A7-A6VV-01A,3
TCGA-AN-A0FF-01A,3
TCGA-A2-A3XW-01A,3
TCGA-A2-A3XT-01A,3
TCGA-E9-A5UP-01A,3
TCGA-D8-A27G-01A,3
TCGA-A2-A1G0-01A,3
TCGA-D8-A1Y3-01A,3
TCGA-E2-A1B1-01A,3
TCGA-C8-A1HN-01A,3
TCGA-BH-A0HL-01A,3
TCGA-B6-A0RT-01A,3
TCGA-C8-A12M-01A,3
TCGA-BH-A1F8-11B,3
TCGA-AO-A0J8-01A,3
TCGA-A8-A08J-01A,3
TCGA-A7-A6VX-01A,3
TCGA-BH-A0HN-01A,3
TCGA-A2-A1FW-01A,3
TCGA-D8-A27K-01A,3
TCGA-BH-A0BF-01A,3
TCGA-LD-A9QF-01A,3
TCGA-BH-A209-01A,3
TCGA-E2-A14S-01A,3
TCGA-BH-A0DP-01A,3
TCGA-W8-A86G-01A,3
TCGA-A8-A09C-01A,3
TCGA-E2-A574-01A,3
TCGA-A8-A084-01A,3
TCGA-GM-A2DK-01A,3
TCGA-A8-A09E-01A,3
TCGA-AO-A0J9-01A,3
TCGA-AO-A03M-01B,3
TCGA-AO-A12H-01A,3
TCGA-BH-A1F6-01A,3
TCGA-A8-A06N-01A,3
TCGA-A2-A0EY-01A,3
TCGA-A2-A0T2-01A,3
TCGA-D8-A27I-01A,3
TCGA-EW-A6S9-01A,3
TCGA-D8-A1X6-01A,3
TCGA-EW-A1IX-01A,3
TCGA-E9-A5UO-01A,3
TCGA-E9-A1N6-01A,3
TCGA-E2-A1L6-01A,3
TCGA-E2-A1LB-01A,3
TCGA-E9-A54Y-01A,3
TCGA-BH-A1ES-06A,3
TCGA-BH-A1ES-01A,3
TCGA-E9-A1R5-01A,3
TCGA-E2-A15S-01A,3
TCGA-E2-A1B5-01A,3
TCGA-C8-A26X-01A,3
TCGA-AC-A6IX-01A,3
TCGA-AO-A12C-01A,3
TCGA-B6-A0RG-01A,3
TCGA-E2-A14N-01A,3
TCGA-A7-A3RF-01A,3
TCGA-AR-A5QM-01A,3
TCGA-E2-A10C-01A,3
TCGA-AC-A3TM-01A,3
TCGA-BH-A1F2-01A,3
TCGA-C8-A12W-01A,3
TCGA-BH-A18N-01A,3
TCGA-C8-A12K-01A,3
TCGA-E9-A1N4-01A,3
TCGA-D8-A1XO-01A,3
TCGA-BH-A0E6-01A,3
TCGA-HN-A2NL-01A,3
TCGA-A8-A07W-01A,3
TCGA-D8-A1JC-01A,3
TCGA-AO-A0JC-01A,3
TCGA-C8-A1HF-01A,3
TCGA-A8-A07Z-01A,3
TCGA-B6-A0I6-01A,3
TCGA-A2-A3XU-01A,3
TCGA-E9-A54X-01A,3
TCGA-AN-A0XT-01A,3
TCGA-C8-A1HJ-01A,3
TCGA-D8-A1JM-01A,3
TCGA-C8-A1HL-01A,3
TCGA-JL-A3YW-01A,3
TCGA-B6-A0I8-01A,3
TCGA-BH-A1EY-01A,3
TCGA-AR-A5QN-01A,3
TCGA-AN-A0AT-01A,3
TCGA-A2-A0T3-01A,3
TCGA-A2-A0T6-01A,3
TCGA-GM-A3XN-01A,3
TCGA-E2-A15E-01A,3
TCGA-A1-A0SQ-01A,3
TCGA-A8-A0A4-01A,3
TCGA-A2-A0YD-01A,3
TCGA-EW-A1P3-01A,3
TCGA-D8-A1XG-01A,3
TCGA-BH-A0H7-01A,3
TCGA-A8-A06Z-01A,3
TCGA-E9-A1RE-01A,3
TCGA-BH-A0B7-01A,3
TCGA-B6-A0RN-01A,3
TCGA-A8-A076-01A,3
TCGA-BH-A0EA-01A,3
TCGA-BH-A8FZ-01A,3
TCGA-E9-A248-01A,3
TCGA-BH-A0AZ-01A,3
TCGA-BH-A1FH-01A,3
TCGA-AN-A0FX-01A,3
TCGA-B6-A0X1-01A,3
TCGA-BH-A0B3-01A,3
TCGA-AN-A0XO-01A,3
TCGA-A2-A0CZ-01A,3
TCGA-A2-A04N-01A,3
TCGA-A2-A0SX-01A,3
TCGA-GI-A2C9-01A,3
TCGA-AR-A250-01A,3
TCGA-E9-A1NG-11A,3
TCGA-EW-A1P5-01A,3
TCGA-E2-A15P-01A,3
TCGA-EW-A1OY-01A,3
TCGA-B6-A0RL-01A,3
TCGA-C8-A130-01A,3
TCGA-BH-A18P-01A,3
TCGA-D8-A1J9-01A,3
TCGA-AR-A256-01A,3
TCGA-BH-A1FG-01A,3
TCGA-BH-A0BJ-01A,3
TCGA-A7-A3J0-01A,3
TCGA-E2-A15C-01A,3
TCGA-E2-A14Z-01A,3
TCGA-EW-A3U0-01A,3
TCGA-BH-A18Q-11A,3
TCGA-E2-A10E-01A,3
TCGA-AR-A0TY-01A,3
TCGA-E2-A1B4-01A,3
TCGA-A7-A4SE-01A,3
TCGA-GM-A2DC-01A,3
TCGA-C8-A1HG-01A,3
TCGA-E9-A226-01A,3
TCGA-D8-A1JN-01A,3
TCGA-BH-A0BO-01A,3
TCGA-E9-A1R7-01A,3
TCGA-BH-A0HW-01A,3
TCGA-D8-A1JB-01A,3
TCGA-E2-A15G-01A,3
TCGA-A2-A4S0-01A,3
TCGA-A2-A25E-01A,3
TCGA-E2-A10A-01A,3
TCGA-BH-A0E9-01B,3
TCGA-AQ-A04L-01B,3
TCGA-A2-A25C-01A,3
TCGA-BH-A1EX-01A,3
TCGA-BH-A0C3-01A,3
TCGA-A2-A0T7-01A,3
TCGA-C8-A12L-01A,3
TCGA-AN-A0AS-01A,3
TCGA-BH-A0GY-01A,3
TCGA-OL-A5S0-01A,3
TCGA-BH-A42V-01A,3
TCGA-UU-A93S-01A,3
TCGA-BH-A6R9-01A,3
TCGA-BH-A1EO-01A,3
TCGA-B6-A0RP-01A,3
TCGA-BH-A0B9-01A,3
TCGA-D8-A13Z-01A,3
TCGA-E9-A1RC-01A,3
TCGA-AR-A0TQ-01A,3
TCGA-A8-A08O-01A,3
TCGA-A8-A07P-01A,3
TCGA-D8-A1XF-01A,3
TCGA-AR-A251-01A,3
TCGA-E2-A56Z-01A,3
TCGA-D8-A145-01A,3
TCGA-E9-A1R6-01A,3
TCGA-AO-A12F-01A,3
TCGA-D8-A1X7-01A,3
TCGA-D8-A1XJ-01A,3
TCGA-A2-A0YK-01A,3
TCGA-E2-A14T-01A,3
TCGA-E2-A1B6-01A,3
TCGA-EW-A1OZ-01A,3
TCGA-MS-A51U-01A,3
TCGA-LL-A8F5-01A,3
TCGA-LL-A50Y-01A,3
TCGA-AR-A1AP-01A,3
TCGA-AR-A1AK-01A,3
TCGA-E9-A1RB-11A,3
TCGA-AN-A0XS-01A,3
TCGA-D8-A73U-01A,3
TCGA-AC-A5XU-01A,3
TCGA-AN-A0G0-01A,3
TCGA-B6-A0IG-01A,3
TCGA-AR-A1AU-01A,3
TCGA-LD-A74U-01A,3
TCGA-A2-A0T5-01A,3
TCGA-EW-A1OX-01A,3
TCGA-AR-A1AY-01A,3
TCGA-BH-A0E1-01A,3
TCGA-BH-A0C0-01A,3
TCGA-E2-A1L7-01A,3
TCGA-AR-A0U0-01A,3
TCGA-AN-A0XW-01A,3
TCGA-E9-A1R4-01A,3
TCGA-OL-A6VQ-01A,3
TCGA-A7-A0DC-01A,3
TCGA-LL-A6FP-01A,3
TCGA-GI-A2C8-01A,3
TCGA-A8-A06U-01A,3
TCGA-AO-A0JI-01A,3
TCGA-A7-A0CD-01A,3
TCGA-C8-A1HI-01A,3
TCGA-A8-A07E-01A,3
TCGA-A8-A09K-01A,3
TCGA-D8-A1XU-01A,3
TCGA-A8-A07I-01A,3
TCGA-PL-A8LV-01A,3
TCGA-D8-A1XV-01A,3
TCGA-D8-A1XR-01A,3
TCGA-D8-A27R-01A,3
TCGA-BH-A18L-01A,3
TCGA-E9-A1R2-01A,3
TCGA-C8-A134-01A,3
TCGA-BH-A0HA-01A,3
TCGA-BH-A0HA-11A,3
TCGA-AR-A24T-01A,3
TCGA-E2-A1IG-01A,3
TCGA-E9-A1NA-01A,3
TCGA-D8-A1JP-01A,3
TCGA-AR-A252-01A,3
TCGA-D8-A1XL-01A,3
TCGA-BH-A0EI-01A,3
TCGA-E2-A15R-01A,3
TCGA-IR-A3L7-01A,4
TCGA-GH-A9DA-01A,4
TCGA-EK-A2RL-01A,4
TCGA-EA-A1QS-01A,4
TCGA-IR-A3LI-01A,4
TCGA-IR-A3LF-01A,4
TCGA-C5-A1BJ-01A,4
TCGA-EA-A411-01A,4
TCGA-FU-A23K-01A,4
TCGA-C5-A7CK-01A,4
TCGA-C5-A1MN-01A,4
TCGA-VS-A94X-01A,4
TCGA-EA-A3HR-01A,4
TCGA-EA-A50E-01A,4
TCGA-C5-A2M2-01A,4
TCGA-EX-A69L-01A,4
TCGA-EA-A78R-01A,4
TCGA-EA-A439-01A,4
TCGA-FU-A3TX-01A,4
TCGA-Q1-A73Q-01A,4
TCGA-MU-A5YI-01A,4
TCGA-2W-A8YY-01A,4
TCGA-DS-A0VK-01A,4
TCGA-DG-A2KM-01A,4
TCGA-DG-A2KK-01A,4
TCGA-R2-A69V-01A,4
TCGA-DG-A2KL-01A,4
TCGA-EA-A3Y4-01A,4
TCGA-MA-AA3Y-01A,4
TCGA-WL-A834-01A,4
TCGA-EA-A5ZD-01A,4
TCGA-DS-A1OA-01A,4
TCGA-MY-A5BF-01A,4
TCGA-FU-A40J-01A,4
TCGA-VS-A9UD-01A,4
TCGA-LP-A7HU-01A,4
TCGA-EK-A2H1-01A,4
TCGA-EX-A1H5-01A,4
TCGA-EA-A3HQ-01A,4
TCGA-MU-A51Y-01A,4
TCGA-C5-A1M5-01A,4
TCGA-IR-A3LL-01A,4
TCGA-C5-A1BL-01A,4
TCGA-EK-A2R9-01A,4
TCGA-EK-A2PK-01A,4
TCGA-EK-A2H0-01A,4
TCGA-FU-A3TQ-01A,4
TCGA-EK-A2IP-01A,4
TCGA-Q1-A5R3-01A,4
TCGA-HM-A4S6-01A,4
TCGA-LP-A4AW-01A,4
TCGA-EA-A3HS-01A,4
TCGA-EA-A410-01A,4
TCGA-LP-A4AX-01A,4
TCGA-JX-A3PZ-01A,4
TCGA-EA-A43B-01A,4
TCGA-EX-A449-01A,4
TCGA-4J-AA1J-01A,4
TCGA-C5-A7X3-01A,4
TCGA-Q1-A73P-01A,4
TCGA-EA-A3HT-01A,4
TCGA-JW-A5VL-01A,4
TCGA-DS-A1OC-01A,4
TCGA-EK-A2PL-01A,4
TCGA-C5-A1MF-01A,4
TCGA-Q1-A6DW-01A,4
TCGA-EA-A5ZE-01A,4
TCGA-IR-A3LC-01A,4
TCGA-ZJ-AAXN-01A,4
TCGA-DS-A3LQ-01A,4
TCGA-EK-A2PM-01A,4
TCGA-C5-A3HL-01A,4
TCGA-C5-A0TN-01A,4
TCGA-LP-A5U2-01A,4
TCGA-MU-A8JM-01A,4
TCGA-DS-A1OB-01A,4
TCGA-C5-A1MJ-01A,4
TCGA-VS-A9UQ-01A,4
TCGA-C5-A1MH-01A,4
TCGA-EA-A97N-01A,4
TCGA-ZJ-AAXB-01A,4
TCGA-C5-A1M9-01A,4
TCGA-EA-A4BA-01A,4
TCGA-EA-A3QE-01A,4
TCGA-ZJ-AB0I-01A,4
TCGA-EK-A2RA-01A,4
TCGA-ZJ-AAXD-01A,4
TCGA-FU-A23L-01A,4
TCGA-MA-AA41-01A,4
TCGA-C5-A1M6-01A,4
TCGA-VS-A9U5-01A,4
TCGA-C5-A1MI-01A,4
TCGA-EK-A2RC-01A,4
TCGA-EK-A2RK-01A,4
TCGA-C5-A2LX-01A,4
TCGA-C5-A2LZ-01A,4
TCGA-EK-A2RM-01A,4
TCGA-ZJ-AAX8-01A,4
TCGA-EK-A3GM-01A,4
TCGA-FU-A2QG-01A,4
TCGA-Q1-A73R-01A,4
TCGA-DS-A7WH-01A,4
TCGA-ZJ-A8QR-01A,4
TCGA-DS-A1O9-01A,4
TCGA-DS-A7WI-01A,4
TCGA-VS-A9UB-01A,4
TCGA-EK-A2R8-01A,4
TCGA-EK-A2RO-01A,4
TCGA-EK-A3GK-01A,4
TCGA-Q1-A73O-01A,4
TCGA-EA-A3QD-01A,4
TCGA-C5-A8XI-01A,4
TCGA-FU-A57G-01A,4
TCGA-EK-A2IR-01A,4
TCGA-C5-A1ME-01A,4
TCGA-EA-A6QX-01A,4
TCGA-EA-A1QT-01A,4
TCGA-VS-A9V0-01A,4
TCGA-EA-A3HU-01A,4
TCGA-EK-A2RE-01A,4
TCGA-IR-A3LK-01A,4
TCGA-JX-A5QV-01A,4
TCGA-MA-AA3Z-01A,4
TCGA-DS-A5RQ-01A,4
TCGA-C5-A3HE-01A,4
TCGA-EA-A44S-01A,4
TCGA-DG-A2KH-01A,4
TCGA-DS-A0VN-01A,4
TCGA-C5-A7CG-01A,4
TCGA-C5-A1MQ-01A,4
TCGA-EA-A5ZF-01A,4
TCGA-C5-A2LV-01A,4
TCGA-C5-A1M8-01A,4
TCGA-UC-A7PF-01A,4
TCGA-EX-A8YF-01A,4
TCGA-VS-A8QF-01A,4
TCGA-IR-A3LA-01A,4
TCGA-MA-AA42-01A,4
TCGA-DS-A1OD-01A,4
TCGA-EA-A5FO-01A,4
TCGA-C5-A2LY-01A,4
TCGA-MA-AA43-01A,4
TCGA-DS-A0VL-01A,4
TCGA-C5-A8XJ-01A,4
TCGA-C5-A2LT-01A,4
TCGA-EK-A3GN-01A,4
TCGA-MA-AA3W-01A,4
TCGA-HM-A3JJ-01A,4
TCGA-IR-A3LB-01A,4
TCGA-ZJ-AAXA-01A,4
TCGA-Q1-A73S-01A,4
TCGA-MY-A913-01A,4
TCGA-RA-A741-01A,4
TCGA-C5-A907-01A,4
TCGA-EK-A2RJ-01A,4
TCGA-EK-A2R7-01A,4
TCGA-VS-A8EK-01A,4
TCGA-HG-A2PA-01A,4
TCGA-DS-A0VM-01A,4
TCGA-LP-A4AV-01A,4
TCGA-IR-A3LH-01A,4
TCGA-C5-A1M7-01A,4
TCGA-ZJ-A8QO-01A,4
TCGA-C5-A3HF-01A,4
TCGA-C5-A1MP-01A,4
TCGA-EA-A5O9-01A,4
TCGA-LP-A5U3-01A,4
TCGA-EX-A69M-01A,4
TCGA-JX-A3Q0-01A,4
TCGA-EA-A556-01A,4
TCGA-W5-AA2X-01A,5
TCGA-W5-AA30-01A,5
TCGA-ZH-A8Y2-01A,5
TCGA-W5-AA2G-01A,5
TCGA-W5-AA2Z-01A,5
TCGA-W5-AA33-01A,5
TCGA-3X-AAV9-01A,5
TCGA-YR-A95A-01A,5
TCGA-ZH-A8Y6-01A,5
TCGA-ZH-A8Y5-01A,5
TCGA-3X-AAVC-01A,5
TCGA-W5-AA36-01A,5
TCGA-4G-AAZT-01A,5
TCGA-W5-AA2I-01A,5
TCGA-W5-AA39-01A,5
TCGA-ZH-A8Y1-01A,5
TCGA-ZD-A8I3-01A,5
TCGA-W6-AA0S-01A,5
TCGA-3X-AAVA-01A,5
TCGA-WD-A7RX-01A,5
TCGA-W5-AA31-01A,5
TCGA-ZH-A8Y8-01A,5
TCGA-W5-AA2Q-01A,5
TCGA-W5-AA2U-01A,5
TCGA-W5-AA34-01A,5
TCGA-W5-AA38-01A,5
TCGA-W5-AA2H-01A,5
TCGA-W5-AA2O-01A,5
TCGA-W5-AA2W-01A,5
TCGA-5M-AAT6-01A,6
TCGA-AA-3552-01A,6
TCGA-AA-3560-01A,6
TCGA-CM-6676-01A,6
TCGA-AA-A029-01A,6
TCGA-AA-A01C-01A,6
TCGA-AA-A03F-01A,6
TCGA-CA-5256-01A,6
TCGA-AA-3844-01A,6
TCGA-CM-6162-01A,6
TCGA-AZ-4684-01A,6
TCGA-A6-2680-01A,6
TCGA-F4-6807-01A,6
TCGA-CM-5863-01A,6
TCGA-AZ-4616-01A,6
TCGA-T9-A92H-01A,6
TCGA-AA-3811-01A,6
TCGA-AZ-4315-01A,6
TCGA-AA-3712-01A,6
TCGA-AA-3562-01A,6
TCGA-A6-2677-01A,6
TCGA-AA-3972-01A,6
TCGA-CA-5255-01A,6
TCGA-AY-A8YK-01A,6
TCGA-G4-6307-01A,6
TCGA-AA-3713-01A,6
TCGA-AA-3561-01A,6
TCGA-A6-6652-01A,6
TCGA-AZ-6603-01A,6
TCGA-AD-6965-01A,6
TCGA-AA-3819-01A,6
TCGA-AA-3971-01A,6
TCGA-AA-3986-01A,6
TCGA-3L-AA1B-01A,6
TCGA-D5-6529-01A,6
TCGA-A6-6653-01A,6
TCGA-CM-6170-01A,6
TCGA-F4-6570-01A,6
TCGA-AA-A01X-01A,6
TCGA-D5-6920-01A,6
TCGA-AA-A03J-01A,6
TCGA-CM-5862-01A,6
TCGA-G4-6311-01A,6
TCGA-A6-6654-01A,6
TCGA-AA-3812-01A,6
TCGA-CM-6680-01A,6
TCGA-A6-6648-01A,6
TCGA-AA-A02O-01A,6
TCGA-QG-A5YX-01A,6
TCGA-AA-A01D-01A,6
TCGA-AA-3861-01A,6
TCGA-A6-6140-01A,6
TCGA-G4-6306-01A,6
TCGA-CM-6169-01A,6
TCGA-AA-A00Z-01A,6
TCGA-AA-3522-01A,6
TCGA-CM-5341-01A,6
TCGA-AA-3950-01A,6
TCGA-A6-2678-01A,6
TCGA-F4-6809-01A,6
TCGA-G4-6321-01A,6
TCGA-A6-2676-01A,6
TCGA-AA-3554-01A,6
TCGA-G4-6586-01A,6
TCGA-AA-A02K-01A,6
TCGA-AA-3697-01A,6
TCGA-A6-6781-01A,6
TCGA-D5-5538-01A,6
TCGA-F4-6703-01A,6
TCGA-NH-A5IV-01A,6
TCGA-CA-6716-01A,6
TCGA-AA-3521-01A,6
TCGA-DM-A0XF-01A,6
TCGA-AA-3866-01A,6
TCGA-CM-6674-01A,6
TCGA-CM-6164-01A,6
TCGA-QG-A5Z1-01A,6
TCGA-AD-A5EJ-01A,6
TCGA-G4-6627-01A,6
TCGA-CM-5344-01A,6
TCGA-AA-A022-01A,6
TCGA-DM-A28A-01A,6
TCGA-A6-2681-01A,6
TCGA-CM-5860-01A,6
TCGA-G4-6298-01A,6
TCGA-A6-6649-01A,6
TCGA-AD-6548-01A,6
TCGA-CM-4750-01A,6
TCGA-AA-3525-01A,6
TCGA-AA-A00L-01A,6
TCGA-AA-3530-01A,6
TCGA-G4-6628-01A,6
TCGA-AA-3506-01A,6
TCGA-G4-6625-01A,6
TCGA-AA-3688-01A,6
TCGA-G4-6314-01A,6
TCGA-G4-6588-01A,6
TCGA-G4-6310-01A,6
TCGA-AA-3496-01A,6
TCGA-AA-3814-01A,6
TCGA-AA-3872-01A,6
TCGA-AA-3655-01A,6
TCGA-A6-5665-01A,6
TCGA-AA-A01S-01A,6
TCGA-AA-3848-01A,6
TCGA-QG-A5YW-01A,6
TCGA-AA-A00U-01A,6
TCGA-CM-6675-01A,6
TCGA-G4-6304-01A,6
TCGA-AA-3854-01A,6
TCGA-A6-6138-01A,6
TCGA-G4-6317-01A,6
TCGA-G4-6317-02A,6
TCGA-G4-6626-01A,6
TCGA-A6-A566-01A,6
TCGA-AA-3837-01A,6
TCGA-AA-3947-01A,6
TCGA-AA-3492-01A,6
TCGA-AZ-4615-01A,6
TCGA-AU-6004-01A,6
TCGA-AA-A004-01A,6
TCGA-A6-2684-01A,6
TCGA-AZ-6606-01A,6
TCGA-G4-6320-01A,6
TCGA-G4-6293-01A,6
TCGA-D5-6898-01A,6
TCGA-A6-6651-01A,6
TCGA-NH-A8F7-01A,6
TCGA-AA-3520-01A,6
TCGA-DM-A1HA-01A,6
TCGA-AZ-6605-01A,6
TCGA-CK-6747-01A,6
TCGA-AA-3681-01A,6
TCGA-CM-5861-01A,6
TCGA-CM-4743-01A,6
TCGA-CM-4746-01A,6
TCGA-F4-6463-01A,6
TCGA-CM-4748-01A,6
TCGA-AA-A02Y-01A,6
TCGA-AA-3553-01A,6
TCGA-AA-3678-01A,6
TCGA-NH-A50V-01A,6
TCGA-D5-6539-01A,6
TCGA-DM-A1DA-01A,6
TCGA-AY-6197-01A,6
TCGA-NH-A6GB-01A,6
TCGA-DM-A28G-01A,6
TCGA-AA-A02F-01A,6
TCGA-CM-5349-01A,6
TCGA-AA-3532-01A,6
TCGA-D5-6537-01A,6
TCGA-AA-3850-01A,6
TCGA-AD-6889-01A,6
TCGA-AZ-4614-01A,6
TCGA-D5-6926-01A,6
TCGA-D5-6923-01A,6
TCGA-DM-A1D8-01A,6
TCGA-AD-6899-01A,6
TCGA-AZ-4323-01A,6
TCGA-D5-6932-01A,6
TCGA-DM-A1D7-01A,6
TCGA-AA-3955-01A,6
TCGA-AA-A02W-01A,6
TCGA-AZ-6600-01A,6
TCGA-CA-5254-01A,6
TCGA-CK-6751-01A,6
TCGA-DM-A1HB-01A,6
TCGA-F4-6704-01A,6
TCGA-A6-5659-01A,6
TCGA-G4-6323-01A,6
TCGA-AA-A02J-01A,6
TCGA-DM-A288-01A,6
TCGA-AY-5543-01A,6
TCGA-AD-5900-01A,6
TCGA-F4-6460-01A,6
TCGA-DM-A1D0-01A,6
TCGA-NH-A6GC-01A,6
TCGA-NH-A8F8-01A,6
TCGA-G4-6303-01A,6
TCGA-CK-5914-01A,6
TCGA-NH-A6GA-01A,6
TCGA-D5-6931-01A,6
TCGA-CA-5797-01A,6
TCGA-CM-6172-01A,6
TCGA-CA-5796-01A,6
TCGA-AM-5821-01A,6
TCGA-A6-5662-01A,6
TCGA-A6-6780-01A,6
TCGA-AY-A69D-01A,6
TCGA-D5-6924-01A,6
TCGA-AA-3517-01A,6
TCGA-CM-6677-01A,6
TCGA-D5-6535-01A,6
TCGA-CM-6167-01A,6
TCGA-5M-AATA-01A,6
TCGA-A6-6142-01A,6
TCGA-A6-2683-01A,6
TCGA-CM-6165-01A,6
TCGA-F4-6805-01A,6
TCGA-AA-A00Q-01A,6
TCGA-CA-6718-01A,6
TCGA-A6-6137-01A,6
TCGA-AA-3975-01A,6
TCGA-AA-3529-01A,6
TCGA-AA-A00J-01A,6
TCGA-AA-3710-01A,6
TCGA-AA-A01T-01A,6
TCGA-AA-3519-01A,6
TCGA-CM-6168-01A,6
TCGA-G4-6315-01A,6
TCGA-D5-6922-01A,6
TCGA-AA-A01F-01A,6
TCGA-AA-A01P-01A,6
TCGA-A6-5667-01A,6
TCGA-DM-A28F-01A,6
TCGA-AA-A00A-01A,6
TCGA-AA-A02E-01A,6
TCGA-AY-6386-01A,6
TCGA-G4-6297-01A,6
TCGA-A6-6650-01A,6
TCGA-A6-2671-01A,6
TCGA-G4-6302-01A,6
TCGA-RU-A8FL-01A,6
TCGA-AA-A01I-01A,6
TCGA-F4-6459-01A,6
TCGA-D5-6927-01A,6
TCGA-AZ-5407-01A,6
TCGA-DM-A282-01A,6
TCGA-DM-A1D9-01A,6
TCGA-A6-5657-01A,6
TCGA-D5-6531-01A,6
TCGA-D5-6530-01A,6
TCGA-D5-6533-01A,6
TCGA-D5-6928-01A,6
TCGA-AA-3815-01A,6
TCGA-A6-2672-01A,6
TCGA-A6-3807-01A,6
TCGA-AA-A01R-01A,6
TCGA-A6-2686-01A,6
TCGA-CM-6171-01A,6
TCGA-A6-3808-01A,6
TCGA-CA-6715-01A,6
TCGA-QG-A5Z2-01A,6
TCGA-AA-3664-01A,6
TCGA-AA-3548-01A,6
TCGA-QG-A5YV-01A,6
TCGA-CM-6161-01A,6
TCGA-AA-A00F-01A,6
TCGA-5M-AAT5-01A,6
TCGA-NH-A8F7-06A,6
TCGA-CM-6679-01A,6
TCGA-AA-3502-01A,6
TCGA-CM-4747-01A,6
TCGA-A6-3809-01A,6
TCGA-D5-5541-01A,6
TCGA-AA-3968-01A,6
TCGA-G4-6322-01A,6
TCGA-D5-6538-01A,6
TCGA-CM-4744-01A,6
TCGA-CM-5348-01A,6
TCGA-A6-2685-01A,6
TCGA-AA-A00N-01A,6
TCGA-AY-A54L-01A,6
TCGA-A6-5664-01A,6
TCGA-AZ-4682-01B,6
TCGA-A6-3810-01A,6
TCGA-D5-6534-01A,6
TCGA-G4-6299-01A,6
TCGA-SS-A7HO-01A,6
TCGA-CM-5868-01A,6
TCGA-A6-5666-01A,6
TCGA-D5-6540-01A,6
TCGA-D5-6536-01A,6
TCGA-AA-3845-01A,6
TCGA-A6-5661-01A,6
TCGA-AA-3856-01A,6
TCGA-DM-A28M-01A,6
TCGA-F4-6855-01A,6
TCGA-CM-6166-01A,6
TCGA-AA-A00E-01A,6
TCGA-AA-A01V-01A,6
TCGA-F4-6461-01A,6
TCGA-AA-A010-01A,6
TCGA-AM-5820-01A,6
TCGA-F4-6808-01A,6
TCGA-AA-A01Q-01A,6
TCGA-AA-3982-01A,6
TCGA-D5-6541-01A,6
TCGA-AA-3869-01A,6
TCGA-AA-3841-01A,6
TCGA-AZ-6607-01A,6
TCGA-AA-A02H-01A,6
TCGA-DM-A28E-01A,6
TCGA-DM-A1D4-01A,6
TCGA-AA-A02R-01A,6
TCGA-F4-6806-01A,6
TCGA-D5-6532-01A,6
TCGA-AA-3831-01A,6
TCGA-AA-A00R-01A,6
TCGA-CK-6746-01A,6
TCGA-AA-A017-01A,6
TCGA-AZ-6598-01A,6
TCGA-AA-3489-01A,6
TCGA-F4-6569-01A,6
TCGA-AA-3989-01A,6
TCGA-CA-6717-01A,6
TCGA-AA-3695-01A,6
TCGA-AA-3555-01A,6
TCGA-CM-4752-01A,6
TCGA-AA-3973-01A,6
TCGA-A6-5660-01A,6
TCGA-F4-6856-01A,6
TCGA-D5-5539-01A,6
TCGA-D5-6930-01A,6
TCGA-AA-3514-01A,6
TCGA-G4-6309-01A,6
TCGA-AA-A00K-01A,6
TCGA-AY-6196-01A,6
TCGA-F4-6854-01A,6
TCGA-AA-3930-01A,6
TCGA-AZ-4308-01A,6
TCGA-DM-A280-01A,6
TCGA-D5-5540-01A,6
TCGA-NH-A50T-01A,6
TCGA-A6-6141-01A,6
TCGA-CK-5916-01A,6
TCGA-CM-5864-01A,6
TCGA-AA-3852-01A,6
TCGA-AA-3696-01A,6
TCGA-DM-A0X9-01A,6
TCGA-AA-3864-01A,6
TCGA-4T-AA8H-01A,6
TCGA-CA-6719-01A,6
TCGA-CK-6748-01A,6
TCGA-AA-A01K-01A,6
TCGA-CM-6163-01A,6
TCGA-4N-A93T-01A,6
TCGA-AA-A00W-01A,6
TCGA-AA-3534-01A,6
TCGA-G4-6295-01A,6
TCGA-AA-3818-01A,6
TCGA-CM-6678-01A,6
TCGA-DM-A1DB-01A,6
TCGA-DM-A1D6-01A,6
TCGA-DM-A28C-01A,6
TCGA-A6-5656-01A,6
TCGA-AA-3511-01A,6
TCGA-AY-A71X-01A,6
TCGA-AA-3862-01A,6
TCGA-AZ-6599-01A,6
TCGA-AA-3510-01A,6
TCGA-A6-6782-01A,6
TCGA-AA-3833-01A,6
TCGA-QL-A97D-01A,6
TCGA-AZ-6608-01A,6
TCGA-AA-A024-01A,6
TCGA-G4-6294-01A,6
TCGA-AZ-6601-01A,6
TCGA-AA-3672-01A,6
TCGA-AA-3715-01A,6
TCGA-AA-3531-01A,6
TCGA-FF-A7CW-01A,7
TCGA-G8-6326-01A,7
TCGA-G8-6325-01A,7
TCGA-FM-8000-01A,7
TCGA-G8-6906-01A,7
TCGA-FF-8041-01A,7
TCGA-RQ-A68N-01A,7
TCGA-GS-A9TW-01A,7
TCGA-FA-A7Q1-01A,7
TCGA-FF-A7CX-01A,7
TCGA-GS-A9TX-01A,7
TCGA-FA-A6HN-01A,7
TCGA-FF-8062-01A,7
TCGA-FF-8043-01A,7
TCGA-FA-A86F-01A,7
TCGA-FF-8047-01A,7
TCGA-GS-A9U4-01A,7
TCGA-FF-8046-01A,7
TCGA-FA-8693-01A,7
TCGA-FA-A7DS-01A,7
TCGA-GS-A9TT-01A,7
TCGA-FA-A6HO-01A,7
TCGA-GS-A9TV-01A,7
TCGA-FF-8061-01A,7
TCGA-GS-A9TZ-01A,7
TCGA-FF-8042-01A,7
TCGA-FF-A7CR-01A,7
TCGA-FA-A4BB-01A,7
TCGA-G8-6914-01A,7
TCGA-VB-A8QN-01A,7
TCGA-RQ-A6JB-01A,7
TCGA-FA-A82F-01A,7
TCGA-FA-A4XK-01A,7
TCGA-L5-A4OF-01A,8
TCGA-L5-A88W-01A,8
TCGA-IG-A6QS-01A,8
TCGA-JY-A6FB-01A,8
TCGA-IG-A51D-01A,8
TCGA-L5-A8NF-01A,8
TCGA-L5-A8NJ-01A,8
TCGA-2H-A9GL-01A,8
TCGA-VR-AA7B-01A,8
TCGA-JY-A6FA-01A,8
TCGA-LN-A4A3-01A,8
TCGA-Z6-A8JE-01A,8
TCGA-LN-A49V-01A,8
TCGA-L5-A8NK-01A,8
TCGA-L5-A4OH-01A,8
TCGA-IG-A3Y9-01A,8
TCGA-IC-A6RE-01A,8
TCGA-IG-A625-01A,8
TCGA-S8-A6BW-01A,8
TCGA-L5-A8NT-01A,8
TCGA-LN-A7HY-01A,8
TCGA-L5-A43E-01A,8
TCGA-IG-A97I-01A,8
TCGA-LN-A49W-01A,8
TCGA-VR-AA4D-01A,8
TCGA-LN-A5U6-01A,8
TCGA-LN-A49Y-01A,8
TCGA-L5-A8NQ-01A,8
TCGA-LN-A49O-01A,8
TCGA-IG-A3YA-01A,8
TCGA-LN-A49U-01A,8
TCGA-LN-A49P-01A,8
TCGA-LN-A8HZ-01A,8
TCGA-LN-A4A9-01A,8
TCGA-L5-A8NL-01A,8
TCGA-LN-A9FO-01A,8
TCGA-X8-AAAR-01A,8
TCGA-2H-A9GI-01A,8
TCGA-IG-A3YB-01A,8
TCGA-LN-A49M-01A,8
TCGA-JY-A93F-01A,8
TCGA-L5-A4OP-01A,8
TCGA-L5-A4ON-01A,8
TCGA-LN-A49N-01A,8
TCGA-L5-A4OJ-01A,8
TCGA-LN-A4MR-01A,8
TCGA-LN-A9FR-01A,8
TCGA-L5-A43J-01A,8
TCGA-VR-A8EQ-01A,8
TCGA-L5-A4OQ-01A,8
TCGA-L5-A8NS-01A,8
TCGA-IG-A4P3-01A,8
TCGA-L5-A8NE-01A,8
TCGA-L5-A4OU-01A,8
TCGA-LN-A7HX-01A,8
TCGA-IG-A8O2-01A,8
TCGA-L5-A4OT-01A,8
TCGA-L5-A43C-01A,8
TCGA-IG-A50L-01A,8
TCGA-L7-A6VZ-01A,8
TCGA-XP-A8T6-01A,8
TCGA-L5-A4OR-01A,8
TCGA-LN-A4A1-01A,8
TCGA-LN-A4A5-01A,8
TCGA-JY-A6FG-01A,8
TCGA-L5-A43I-01A,8
TCGA-LN-A49R-01A,8
TCGA-LN-A4MQ-01A,8
TCGA-LN-A4A6-01A,8
TCGA-LN-A8I0-01A,8
TCGA-L5-A43M-01A,8
TCGA-L5-A8NW-01A,8
TCGA-VR-A8EP-01A,8
TCGA-L5-A891-01A,8
TCGA-L5-A4OS-01A,8
TCGA-2H-A9GQ-01A,8
TCGA-L5-A8NI-01A,8
TCGA-Z6-A8JD-01A,8
TCGA-IG-A3YC-01A,8
TCGA-L5-A4OW-01A,8
TCGA-Q9-A6FW-01A,8
TCGA-IG-A3QL-01A,8
TCGA-LN-A49K-01A,8
TCGA-L5-A4OI-01A,8
TCGA-LN-A9FQ-01A,8
TCGA-JY-A6FD-01A,8
TCGA-IG-A5S3-01A,8
TCGA-L5-A43H-01A,8
TCGA-IG-A4QS-01A,8
TCGA-LN-A49L-01A,8
TCGA-L5-A4OE-01A,8
TCGA-Z6-A9VB-01A,8
TCGA-JY-A939-01A,8
TCGA-VR-A8Q7-01A,8
TCGA-L7-A56G-01A,8
TCGA-IG-A97H-01A,8
TCGA-IG-A3I8-01A,8
TCGA-LN-A4A2-01A,8
TCGA-2H-A9GF-01A,8
TCGA-LN-A5U5-01A,8
TCGA-IG-A5B8-01A,8
TCGA-IC-A6RF-01A,8
TCGA-Z6-AAPN-01A,8
TCGA-2H-A9GR-01A,8
TCGA-LN-A7HW-01A,8
TCGA-LN-A7HZ-01A,8
TCGA-IG-A4QT-01A,8
TCGA-VR-A8EO-01A,8
TCGA-M9-A5M8-01A,8
TCGA-L5-A4OX-01A,8
TCGA-Q9-A6FU-01A,8
TCGA-JY-A93E-01A,8
TCGA-JY-A6FE-01A,8
TCGA-LN-A9FP-01A,8
TCGA-LN-A5U7-01A,8
TCGA-LN-A4A8-01A,8
TCGA-LN-A8I1-01A,8
TCGA-S8-A6BV-01A,8
TCGA-JY-A6F8-01A,8
TCGA-LN-A49X-01A,8
TCGA-RE-A7BO-01A,8
TCGA-L5-A8NV-01A,8
TCGA-LN-A4A4-01A,8
TCGA-LN-A49S-01A,8
TCGA-L5-A4OG-01A,8
TCGA-06-0130-01A,9
TCGA-06-0125-01A,9
TCGA-06-0125-02A,9
TCGA-26-5132-01A,9
TCGA-06-1804-01A,9
TCGA-26-1442-01A,9
TCGA-28-1747-01C,9
TCGA-06-0171-02A,9
TCGA-06-0129-01A,9
TCGA-06-0156-01A,9
TCGA-14-1823-01A,9
TCGA-14-1034-02B,9
TCGA-12-3652-01A,9
TCGA-19-1389-02A,9
TCGA-06-5859-01A,9
TCGA-27-1830-01A,9
TCGA-06-5415-01A,9
TCGA-27-1834-01A,9
TCGA-06-0190-01A,9
TCGA-06-5417-01A,9
TCGA-76-4931-01A,9
TCGA-06-5414-01A,9
TCGA-19-5960-01A,9
TCGA-06-0878-01A,9
TCGA-26-5133-01A,9
TCGA-19-4065-01A,9
TCGA-19-4065-02A,9
TCGA-28-1753-01A,9
TCGA-27-2528-01A,9
TCGA-41-5651-01A,9
TCGA-06-2565-01A,9
TCGA-14-0736-02A,9
TCGA-06-2558-01A,9
TCGA-76-4932-01A,9
TCGA-27-1832-01A,9
TCGA-76-4928-01B,9
TCGA-06-2562-01A,9
TCGA-06-2557-01A,9
TCGA-19-2619-01A,9
TCGA-06-0210-02A,9
TCGA-28-5208-01A,9
TCGA-06-5418-01A,9
TCGA-02-2485-01A,9
TCGA-16-0846-01A,9
TCGA-19-1390-01A,9
TCGA-06-2567-01A,9
TCGA-41-4097-01A,9
TCGA-76-4926-01B,9
TCGA-76-4927-01A,9
TCGA-19-0957-02A,9
TCGA-06-2563-01A,9
TCGA-76-4929-01A,9
TCGA-32-1982-01A,9
TCGA-06-6698-01A,9
TCGA-12-5295-01A,9
TCGA-06-2559-01A,9
TCGA-06-5858-01A,9
TCGA-06-5412-01A,9
TCGA-32-5222-01A,9
TCGA-06-0238-01A,9
TCGA-06-0152-02A,9
TCGA-06-0221-02A,9
TCGA-26-5134-01A,9
TCGA-06-0882-01A,9
TCGA-12-1597-01B,9
TCGA-12-3653-01A,9
TCGA-08-0386-01A,9
TCGA-19-2620-01A,9
TCGA-06-5416-01A,9
TCGA-41-3915-01A,9
TCGA-06-5411-01A,9
TCGA-12-3650-01A,9
TCGA-06-0644-01A,9
TCGA-32-1970-01A,9
TCGA-06-0190-02A,9
TCGA-14-0871-01A,9
TCGA-06-5410-01A,9
TCGA-06-2564-01A,9
TCGA-06-5413-01A,9
TCGA-06-5408-01A,9
TCGA-06-2570-01A,9
TCGA-27-1831-01A,9
TCGA-06-5856-01A,9
TCGA-UF-A719-01A,10
TCGA-CV-5436-01A,10
TCGA-UF-A71E-01A,10
TCGA-CN-5364-01A,10
TCGA-CQ-5329-01A,10
TCGA-CV-A460-01A,10
TCGA-CV-7421-01A,10
TCGA-D6-6517-01A,10
TCGA-BB-A5HU-01A,10
TCGA-CV-6937-01A,10
TCGA-CV-A463-01A,10
TCGA-D6-6823-01A,10
TCGA-CN-4735-01A,10
TCGA-CN-6989-01A,10
TCGA-CN-A49A-01A,10
TCGA-CV-7243-01A,10
TCGA-C9-A47Z-01A,10
TCGA-BA-5556-01A,10
TCGA-UF-A7JV-01A,10
TCGA-D6-6824-01A,10
TCGA-IQ-A6SH-01A,10
TCGA-CN-4736-01A,10
TCGA-CV-5440-01A,10
TCGA-CQ-5333-01A,10
TCGA-CV-7568-01A,10
TCGA-CQ-6225-01A,10
TCGA-CV-7437-01A,10
TCGA-BA-6870-01A,10
TCGA-CQ-6221-01A,10
TCGA-DQ-7593-01A,10
TCGA-CV-7416-01A,10
TCGA-CV-7410-01A,10
TCGA-CN-4726-01A,10
TCGA-CQ-5323-01A,10
TCGA-CV-7261-01A,10
TCGA-BA-5557-01A,10
TCGA-CN-6992-01A,10
TCGA-CN-6021-01A,10
TCGA-CV-6938-01A,10
TCGA-CV-7427-01A,10
TCGA-CN-6022-01A,10
TCGA-CV-7435-01A,10
TCGA-CV-7440-01A,10
TCGA-CN-A63W-01A,10
TCGA-CV-7255-01A,10
TCGA-CV-A45X-01A,10
TCGA-CN-4727-01A,10
TCGA-QK-AA3K-01A,10
TCGA-CV-7089-01A,10
TCGA-CV-6948-01A,10
TCGA-CN-6997-01A,10
TCGA-CV-7238-01A,10
TCGA-BB-A6UM-01A,10
TCGA-CN-5361-01A,10
TCGA-CV-7090-01A,10
TCGA-CV-5443-01A,10
TCGA-CX-A4AQ-01A,10
TCGA-CQ-5334-01A,10
TCGA-CV-A45P-01A,10
TCGA-CV-7418-01A,10
TCGA-CV-A468-01A,10
TCGA-CV-6942-01A,10
TCGA-CV-7091-01A,10
TCGA-UF-A71A-01A,10
TCGA-CV-7235-01A,10
TCGA-QK-A8Z7-01A,10
TCGA-CN-5366-01A,10
TCGA-CV-6960-01A,10
TCGA-CN-4730-01A,10
TCGA-CV-7236-01A,10
TCGA-CN-6995-01A,10
TCGA-D6-6827-01A,10
TCGA-QK-A6VC-01A,10
TCGA-BA-6872-01A,10
TCGA-CV-6961-01A,10
TCGA-CV-5439-01A,10
TCGA-CV-6003-01A,10
TCGA-CN-6996-01A,10
TCGA-CV-6934-01A,10
TCGA-CV-7242-01A,10
TCGA-CN-4731-01A,10
TCGA-MT-A67F-01A,10
TCGA-CN-6018-01A,10
TCGA-CV-7102-01A,10
TCGA-CN-5360-01A,10
TCGA-CN-5367-01A,10
TCGA-CN-A641-01A,10
TCGA-CQ-6218-01A,10
TCGA-CV-6436-01A,10
TCGA-TN-A7HI-01A,10
TCGA-CN-6012-01A,10
TCGA-CN-4723-01A,10
TCGA-CV-7263-01A,10
TCGA-CQ-5330-01A,10
TCGA-CV-7097-01A,10
TCGA-CN-A642-01A,10
TCGA-BA-A8YP-01A,10
TCGA-BA-5151-01A,10
TCGA-BA-4074-01A,10
TCGA-RS-A6TO-01A,10
TCGA-CN-5358-01A,10
TCGA-IQ-A61O-01A,10
TCGA-CN-4722-01A,10
TCGA-CN-5359-01A,10
TCGA-CN-5369-01A,10
TCGA-BA-A4IH-01A,10
TCGA-BA-6873-01A,10
TCGA-CV-7414-01A,10
TCGA-CV-A6K0-01B,10
TCGA-CV-7183-01A,10
TCGA-CN-5374-01A,10
TCGA-CV-7430-01A,10
TCGA-CQ-A4CA-01A,10
TCGA-CQ-5331-01A,10
TCGA-CQ-6228-01A,10
TCGA-CV-5978-01A,10
TCGA-D6-6516-01A,10
TCGA-C9-A480-01A,10
TCGA-H7-A6C4-01A,10
TCGA-CV-6941-01A,10
TCGA-CQ-A4CG-01A,10
TCGA-CN-6019-01A,10
TCGA-D6-A6EM-01A,10
TCGA-CV-6959-01A,10
TCGA-UP-A6WW-01A,10
TCGA-CV-7423-01A,10
TCGA-CQ-5327-01A,10
TCGA-CV-7103-01A,10
TCGA-CV-7433-01A,10
TCGA-CV-7101-01A,10
TCGA-F7-A61V-01A,10
TCGA-UF-A7JO-01A,10
TCGA-CV-6935-01A,10
TCGA-CN-6016-01A,10
TCGA-BA-6869-01A,10
TCGA-CQ-5332-01A,10
TCGA-CV-7254-01A,10
TCGA-BB-7861-01A,10
TCGA-BA-A6DJ-01A,10
TCGA-CN-6011-01A,10
TCGA-CN-5365-01A,10
TCGA-T2-A6WZ-01A,10
TCGA-D6-A6EK-01A,10
TCGA-CN-4737-01A,10
TCGA-F7-8298-01A,10
TCGA-CV-A45O-01A,10
TCGA-F7-A620-01A,10
TCGA-CV-7253-01A,10
TCGA-BA-4078-01A,10
TCGA-F7-A50J-01A,10
TCGA-CQ-7068-01A,10
TCGA-CV-5431-01A,10
TCGA-CV-7424-01A,10
TCGA-BA-5559-01A,10
TCGA-CX-7219-01A,10
TCGA-CN-4741-01A,10
TCGA-CN-6023-01A,10
TCGA-F7-A623-01A,10
TCGA-CN-5355-01A,10
TCGA-TN-A7HJ-01A,10
TCGA-CQ-6229-01A,10
TCGA-CQ-A4CH-01A,10
TCGA-CV-6936-01A,10
TCGA-CV-A45Q-01A,10
TCGA-CV-6950-01A,10
TCGA-BA-A4II-01A,10
TCGA-H7-8502-01A,10
TCGA-BA-A6D8-01A,10
TCGA-CN-5356-01A,10
TCGA-CN-4729-01A,10
TCGA-CV-7099-01A,10
TCGA-T3-A92N-01A,10
TCGA-CV-A45U-01A,10
TCGA-BB-A5HZ-01A,10
TCGA-CV-7245-01A,10
TCGA-CN-4739-01A,10
TCGA-BA-A6DG-01A,10
TCGA-CV-6955-01A,10
TCGA-BA-6871-01A,10
TCGA-CN-6024-01A,10
TCGA-CV-7406-01A,10
TCGA-CV-5966-01A,10
TCGA-D6-A6EO-01A,10
TCGA-CV-6951-01A,10
TCGA-CN-A6V3-01A,10
TCGA-F7-A622-01A,10
TCGA-CN-4733-01A,10
TCGA-CV-7180-01A,10
TCGA-CV-7250-01A,10
TCGA-CN-4728-01A,10
TCGA-CN-A49C-01A,10
TCGA-BA-A6DE-01A,10
TCGA-D6-6825-01A,10
TCGA-CV-7438-01A,10
TCGA-CV-6945-01A,10
TCGA-CN-6998-01A,10
TCGA-CQ-A4CD-01A,10
TCGA-UF-A7JS-01A,10
TCGA-CV-5979-01A,10
TCGA-CV-5970-01A,10
TCGA-CQ-7065-01A,10
TCGA-CN-6017-01A,10
TCGA-CN-A63U-01A,10
TCGA-CQ-A4CI-01A,10
TCGA-BA-A4IF-01A,10
TCGA-CN-A498-01A,10
TCGA-D6-6826-01A,10
TCGA-D6-A6EP-01A,10
TCGA-QK-A6IG-01A,10
TCGA-MT-A51X-01A,10
TCGA-CV-7248-01A,10
TCGA-CN-4725-01A,10
TCGA-QK-A6II-01A,10
TCGA-CV-5442-01A,10
TCGA-QK-A8ZB-01A,10
TCGA-CV-6954-01A,10
TCGA-CQ-5325-01A,10
TCGA-DQ-7591-01A,10
TCGA-CN-6988-01A,10
TCGA-HD-8224-01A,10
TCGA-CN-4742-01A,10
TCGA-TN-A7HL-01A,10
TCGA-QK-A652-01A,10
TCGA-CV-5444-01A,10
TCGA-UF-A7JC-01A,10
TCGA-BA-A4IG-01A,10
TCGA-F7-8489-01A,10
TCGA-CN-5370-01A,10
TCGA-D6-A4Z9-01A,10
TCGA-IQ-7632-01A,10
TCGA-CN-A6UY-01A,10
TCGA-KU-A66S-01A,10
TCGA-CN-A6V7-01A,10
TCGA-D6-8568-01A,10
TCGA-UF-A7JJ-01A,10
TCGA-CN-6994-01A,10
TCGA-CN-6013-01A,10
TCGA-CV-A465-01A,10
TCGA-CQ-5324-01A,10
TCGA-F7-A50I-01A,10
TCGA-CV-6952-01A,10
TCGA-CV-A45T-01A,10
TCGA-D6-6515-01A,10
TCGA-CV-7178-01A,10
TCGA-CV-6940-01A,10
TCGA-F7-A61W-01A,10
TCGA-CN-4738-01A,10
TCGA-CN-6020-01A,10
TCGA-CV-6962-01A,10
TCGA-CN-A63T-01A,10
TCGA-CV-5430-01A,10
TCGA-CV-7104-01A,10
TCGA-CV-7413-01A,10
TCGA-CN-4734-01A,10
TCGA-CN-A63V-01A,10
TCGA-MT-A7BN-01A,10
TCGA-CV-7177-01A,10
TCGA-HD-A633-01A,10
TCGA-CV-5441-01A,10
TCGA-BA-A6DD-01A,10
TCGA-CV-7446-01A,10
TCGA-CV-7425-01A,10
TCGA-BA-5149-01A,10
TCGA-CQ-6224-01A,10
TCGA-CV-5432-01A,10
TCGA-CQ-6219-01A,10
TCGA-BA-5555-01A,10
TCGA-RS-A6TP-01A,10
TCGA-UF-A7JD-01A,10
TCGA-CV-7407-01A,10
TCGA-CN-5373-01A,10
TCGA-WA-A7H4-01A,10
TCGA-HD-A4C1-01A,10
TCGA-BA-A6DA-01A,10
TCGA-BA-A6DB-01A,10
TCGA-UF-A71D-01A,10
TCGA-CN-A6V1-01A,10
TCGA-IQ-A6SG-01A,10
TCGA-CV-5977-01A,10
TCGA-UF-A7JT-01A,10
TCGA-BA-5152-01A,10
TCGA-BB-7866-01A,10
TCGA-CV-5971-01A,10
TCGA-UF-A718-01A,10
TCGA-BB-4217-01A,10
TCGA-CV-7252-01A,10
TCGA-CV-5976-01A,10
TCGA-CV-6933-01A,10
TCGA-KU-A66T-01A,10
TCGA-CX-7085-01A,10
TCGA-CV-A464-01A,10
TCGA-CV-A45W-01A,10
TCGA-CV-7422-01A,10
TCGA-CN-5363-01A,10
TCGA-CV-7429-01A,10
TCGA-CN-A6V6-01A,10
TCGA-CQ-6227-01A,10
TCGA-CV-6441-01A,10
TCGA-H7-A76A-01A,10
TCGA-CV-7247-01A,10
TCGA-CV-7411-01A,10
TCGA-CQ-A4CB-01A,10
TCGA-CV-7434-01A,10
TCGA-QK-A6VB-01A,10
TCGA-CQ-A4C9-01A,10
TCGA-MT-A51W-01A,10
TCGA-CN-A49B-01A,10
TCGA-CN-A497-01A,10
TCGA-F7-A61S-01A,10
TCGA-BB-7872-01A,10
TCGA-F7-A50G-01A,10
TCGA-CV-A6JO-01B,10
TCGA-CV-6956-01A,10
TCGA-QK-A8Z9-01B,10
TCGA-CV-6943-01A,10
TCGA-IQ-A61H-01A,10
TCGA-CV-7428-01A,10
TCGA-CV-A45R-01A,10
TCGA-CV-5973-01A,10
TCGA-CV-7100-01A,10
TCGA-CQ-6220-01A,10
TCGA-HL-7533-01A,10
TCGA-CV-A45V-01A,10
TCGA-CV-6953-01A,10
TCGA-CN-A499-01A,10
TCGA-BA-5153-01A,10
TCGA-CV-7409-01A,10
TCGA-CX-7086-01A,10
TCGA-CN-6010-01A,10
TCGA-IQ-A61I-01A,10
TCGA-BA-A6DL-01A,10
TCGA-IQ-A61E-01A,10
TCGA-CV-7095-01A,10
TCGA-CV-6433-01A,10
TCGA-DQ-7592-01A,10
TCGA-T3-A92M-01A,10
TCGA-CV-5434-01A,10
TCGA-CQ-5326-01A,10
TCGA-CQ-A4CE-01A,10
TCGA-CN-4740-01A,10
TCGA-CQ-6222-01A,10
TCGA-CV-6939-01A,10
TCGA-CV-A45Z-01A,10
TCGA-CV-7432-01A,10
TCGA-IQ-7630-01A,10
TCGA-H7-8501-01A,10
TCGA-CV-7415-01A,10
TCGA-KN-8431-01A,11
TCGA-KN-8433-01A,11
TCGA-KO-8407-01A,11
TCGA-KL-8331-01A,11
TCGA-KL-8336-01A,11
TCGA-KM-8439-01A,11
TCGA-KO-8403-01A,11
TCGA-KL-8330-01A,11
TCGA-KM-8443-01A,11
TCGA-KM-8440-01A,11
TCGA-KL-8333-01A,11
TCGA-KN-8424-01A,11
TCGA-KN-8427-01A,11
TCGA-KO-8406-01A,11
TCGA-KL-8325-01A,11
TCGA-KL-8335-01A,11
TCGA-KL-8329-01A,11
TCGA-KN-8437-01A,11
TCGA-KN-8419-01A,11
TCGA-KM-8442-01A,11
TCGA-KL-8328-01A,11
TCGA-KM-8639-01A,11
TCGA-KL-8342-01A,11
TCGA-KO-8409-01A,11
TCGA-KN-8423-01A,11
TCGA-KO-8416-01A,11
TCGA-KN-8418-01A,11
TCGA-KO-8410-01A,11
TCGA-KN-8428-01A,11
TCGA-KL-8324-01A,11
TCGA-KN-8432-01A,11
TCGA-KL-8338-01A,11
TCGA-KL-8345-01A,11
TCGA-KO-8404-01A,11
TCGA-KL-8341-01A,11
TCGA-KL-8327-01A,11
TCGA-KO-8415-01A,11
TCGA-KN-8430-01A,11
TCGA-KM-8438-01A,11
TCGA-KL-8337-01A,11
TCGA-KO-8413-01A,11
TCGA-KL-8344-01A,11
TCGA-KN-8426-01A,11
TCGA-KN-8429-01A,11
TCGA-KO-8417-01A,11
TCGA-KO-8408-01A,11
TCGA-KL-8343-01A,11
TCGA-KN-8434-01A,11
TCGA-KL-8334-01A,11
TCGA-KM-8441-01A,11
TCGA-KN-8435-01A,11
TCGA-KN-8425-01A,11
TCGA-KO-8411-01A,11
TCGA-KL-8332-01A,11
TCGA-KN-8421-01A,11
TCGA-KL-8340-01A,11
TCGA-KL-8339-01A,11
TCGA-KO-8414-01A,11
TCGA-KL-8326-01A,11
TCGA-KM-8476-01A,11
TCGA-KO-8405-01A,11
TCGA-KN-8436-01A,11
TCGA-KL-8346-01A,11
TCGA-CW-5584-01A,12
TCGA-CZ-5984-01A,12
TCGA-B0-4841-01A,12
TCGA-B0-4700-01A,12
TCGA-CJ-4905-01A,12
TCGA-A3-3376-01A,12
TCGA-A3-3382-01A,12
TCGA-DV-A4VZ-01A,12
TCGA-B8-A8YJ-01A,12
TCGA-B0-4690-01A,12
TCGA-B4-5836-01A,12
TCGA-CZ-5985-01A,12
TCGA-BP-4991-01A,12
TCGA-BP-5184-01A,12
TCGA-B0-4707-01A,12
TCGA-CZ-4854-01A,12
TCGA-B2-5635-01A,12
TCGA-B0-5698-01A,12
TCGA-BP-4762-01A,12
TCGA-B4-5834-01A,12
TCGA-BP-5195-01A,12
TCGA-B0-5108-01A,12
TCGA-B0-5703-01A,12
TCGA-B8-5165-01A,12
TCGA-BP-4995-01A,12
TCGA-AK-3456-01A,12
TCGA-CZ-5989-01A,12
TCGA-CZ-4858-01A,12
TCGA-B2-5633-01A,12
TCGA-BP-5169-01A,12
TCGA-B8-5546-01A,12
TCGA-CW-6088-01A,12
TCGA-BP-4164-01A,12
TCGA-BP-4174-01A,12
TCGA-CJ-4871-01A,12
TCGA-BP-4973-01A,12
TCGA-BP-4807-01A,12
TCGA-CJ-5683-01A,12
TCGA-BP-4989-01A,12
TCGA-DV-5573-01A,12
TCGA-CJ-4908-01A,12
TCGA-CJ-4893-01A,12
TCGA-B0-4714-01A,12
TCGA-BP-4972-01A,12
TCGA-CZ-5469-01A,12
TCGA-CZ-4861-01A,12
TCGA-BP-4758-01A,12
TCGA-A3-3335-01A,12
TCGA-B8-5552-01B,12
TCGA-B0-5402-01A,12
TCGA-B0-4821-01A,12
TCGA-B0-5705-01A,12
TCGA-B0-5116-01A,12
TCGA-B8-A7U6-01A,12
TCGA-CZ-5463-01A,12
TCGA-BP-4976-01A,12
TCGA-DV-5569-01A,12
TCGA-BP-5181-01A,12
TCGA-BP-4799-01A,12
TCGA-BP-4988-01A,12
TCGA-BP-4327-01A,12
TCGA-BP-4353-01A,12
TCGA-B0-5109-01A,12
TCGA-B0-5712-01A,12
TCGA-CZ-5454-01A,12
TCGA-BP-5191-01A,12
TCGA-BP-4994-01A,12
TCGA-CJ-6027-01A,12
TCGA-BP-5201-01A,12
TCGA-CZ-5456-01A,12
TCGA-B0-4945-01A,12
TCGA-A3-3316-01A,12
TCGA-B0-4828-01A,12
TCGA-CJ-4640-01A,12
TCGA-CZ-5460-01A,12
TCGA-CJ-6028-01A,12
TCGA-B0-5096-01A,12
TCGA-CW-6097-01A,12
TCGA-BP-5010-01A,12
TCGA-CZ-4862-01A,12
TCGA-BP-4354-01A,12
TCGA-CZ-4866-01A,12
TCGA-CJ-4882-01A,12
TCGA-B2-4102-01A,12
TCGA-B0-5690-01A,12
TCGA-DV-A4W0-01A,12
TCGA-CZ-5465-01A,12
TCGA-BP-4337-01A,12
TCGA-CJ-4886-01A,12
TCGA-B0-5699-01A,12
TCGA-BP-4982-01A,12
TCGA-B0-4827-01A,12
TCGA-CJ-4901-01A,12
TCGA-B0-4816-01A,12
TCGA-B0-5080-01A,12
TCGA-A3-3370-01A,12
TCGA-MM-A564-01A,12
TCGA-CJ-4897-01A,12
TCGA-G6-A8L7-01A,12
TCGA-B8-5164-01A,12
TCGA-BP-4352-01A,12
TCGA-CW-6093-01A,12
TCGA-BP-4804-01A,12
TCGA-B0-4844-01A,12
TCGA-A3-3322-01A,12
TCGA-B0-5120-01A,12
TCGA-DV-A4VX-01A,12
TCGA-G6-A8L8-01A,12
TCGA-CZ-5470-01A,12
TCGA-B4-5843-01A,12
TCGA-BP-5007-01A,12
TCGA-B0-5102-01A,12
TCGA-B0-4824-01A,12
TCGA-B0-4823-01A,12
TCGA-CJ-4902-01A,12
TCGA-EU-5904-01A,12
TCGA-CJ-4874-01A,12
TCGA-BP-5190-01A,12
TCGA-3Z-A93Z-01A,12
TCGA-B0-4819-01A,12
TCGA-CZ-5458-01A,12
TCGA-CJ-4635-01A,12
TCGA-B0-5095-01A,12
TCGA-BP-5183-01A,12
TCGA-A3-3306-01A,12
TCGA-B0-4836-01A,12
TCGA-B0-4818-01A,12
TCGA-BP-4335-01A,12
TCGA-CJ-4872-01A,12
TCGA-BP-4975-01A,12
TCGA-BP-5192-01A,12
TCGA-BP-4765-01A,12
TCGA-BP-4766-01A,12
TCGA-BP-4962-01A,12
TCGA-BP-5000-01A,12
TCGA-B0-4822-01A,12
TCGA-BP-4985-01A,12
TCGA-A3-3324-01A,12
TCGA-B8-5545-01A,12
TCGA-GK-A6C7-01A,12
TCGA-BP-5185-01A,12
TCGA-BP-5196-01A,12
TCGA-BP-4351-01A,12
TCGA-CJ-4881-01A,12
TCGA-BP-4960-01A,12
TCGA-B0-5692-01A,12
TCGA-AK-3427-01A,12
TCGA-B0-5694-01A,12
TCGA-DV-5566-01A,12
TCGA-CJ-4888-01A,12
TCGA-B2-3923-01A,12
TCGA-CJ-4638-01A,12
TCGA-B0-4696-01A,12
TCGA-B4-5835-01A,12
TCGA-CJ-4923-01A,12
TCGA-A3-3374-01A,12
TCGA-CJ-4868-01A,12
TCGA-A3-3311-01A,12
TCGA-BP-5170-01A,12
TCGA-BP-5182-01A,12
TCGA-EU-5905-01A,12
TCGA-B2-3924-01A,12
TCGA-B0-4710-01A,12
TCGA-A3-3320-01A,12
TCGA-BP-4346-01A,12
TCGA-B4-5378-01A,12
TCGA-B8-5550-01A,12
TCGA-CZ-5466-01A,12
TCGA-B0-5400-01A,12
TCGA-A3-3363-01A,12
TCGA-A3-3367-01A,12
TCGA-BP-4983-01A,12
TCGA-CJ-4920-01A,12
TCGA-CW-5587-01A,12
TCGA-CZ-5464-01A,12
TCGA-B0-4718-01A,12
TCGA-CJ-4634-01A,12
TCGA-CW-5588-01A,12
TCGA-CZ-4863-01A,12
TCGA-A3-3380-01A,12
TCGA-CJ-5678-01A,12
TCGA-CZ-5468-01A,12
TCGA-CZ-5986-01A,12
TCGA-B0-4691-01A,12
TCGA-AK-3428-01A,12
TCGA-A3-3387-01A,12
TCGA-BP-4756-01A,12
TCGA-BP-5198-01A,12
TCGA-CJ-4899-01A,12
TCGA-B8-4153-01B,12
TCGA-B0-5100-01A,12
TCGA-B0-4849-01A,12
TCGA-MW-A4EC-01A,12
TCGA-A3-3331-01A,12
TCGA-CJ-4912-01A,12
TCGA-B8-4622-01A,12
TCGA-BP-4992-01A,12
TCGA-BP-4776-01A,12
TCGA-B8-5159-01A,12
TCGA-BP-5008-01A,12
TCGA-BP-4987-01A,12
TCGA-CW-6087-01A,12
TCGA-BP-5173-01A,12
TCGA-B0-5709-01A,12
TCGA-BP-5180-01A,12
TCGA-B0-5092-01A,12
TCGA-B4-5377-01A,12
TCGA-CZ-4857-01A,12
TCGA-B8-4146-01B,12
TCGA-BP-4974-01A,12
TCGA-BP-5001-01A,12
TCGA-6D-AA2E-01A,12
TCGA-B8-5163-01A,12
TCGA-BP-4161-01A,12
TCGA-BP-4769-01A,12
TCGA-BP-4763-01A,12
TCGA-A3-3323-01A,12
TCGA-B8-5158-01A,12
TCGA-A3-3351-01A,12
TCGA-BP-4355-01A,12
TCGA-B0-5084-01A,12
TCGA-CZ-5457-01A,12
TCGA-BP-5200-01A,12
TCGA-BP-4330-01A,12
TCGA-BP-4349-01A,12
TCGA-CJ-4889-01A,12
TCGA-B0-5104-01A,12
TCGA-BP-5186-01A,12
TCGA-CJ-4907-01A,12
TCGA-BP-4969-01A,12
TCGA-A3-3373-01A,12
TCGA-BP-4169-01A,12
TCGA-B0-4837-01A,12
TCGA-B0-5706-01A,12
TCGA-A3-3347-01A,12
TCGA-BP-4165-01A,12
TCGA-B0-5113-01A,12
TCGA-BP-4338-01A,12
TCGA-B0-4810-01A,12
TCGA-BP-4173-01A,12
TCGA-B8-A54F-01A,12
TCGA-B8-A54E-01A,12
TCGA-BP-4784-01A,12
TCGA-B0-5121-01A,12
TCGA-B0-5085-01A,12
TCGA-B0-5107-01A,12
TCGA-BP-4170-01A,12
TCGA-B0-5711-01A,12
TCGA-B4-5832-01A,12
TCGA-CZ-4853-01A,12
TCGA-A3-3346-01A,12
TCGA-BP-4341-01A,12
TCGA-BP-5177-01A,12
TCGA-B0-4713-01A,12
TCGA-BP-4798-01A,12
TCGA-CZ-5982-01A,12
TCGA-B0-4834-01A,12
TCGA-B0-5117-01A,12
TCGA-B0-5710-01A,12
TCGA-CZ-5467-01A,12
TCGA-BP-4770-01A,12
TCGA-CJ-4887-01A,12
TCGA-BP-4970-01A,12
TCGA-CJ-5675-01A,12
TCGA-BP-4963-01A,12
TCGA-A3-3362-01A,12
TCGA-B2-4101-01A,12
TCGA-B0-4703-01A,12
TCGA-BP-4961-01A,12
TCGA-BP-4981-01A,12
TCGA-CJ-5677-01A,12
TCGA-B0-4693-01A,12
TCGA-BP-4971-01A,12
TCGA-B0-4833-01A,12
TCGA-B2-5636-01A,12
TCGA-BP-4332-01A,12
TCGA-CJ-5672-01A,12
TCGA-B0-4838-01A,12
TCGA-CJ-6031-01A,12
TCGA-B2-A4SR-01A,12
TCGA-B0-5110-01A,12
TCGA-B0-5077-01A,12
TCGA-B0-4843-01A,12
TCGA-B0-4688-01A,12
TCGA-CW-5585-01A,12
TCGA-B0-4694-01A,12
TCGA-B0-5696-01A,12
TCGA-BP-4968-01A,12
TCGA-BP-5175-01A,12
TCGA-BP-4967-01A,12
TCGA-BP-4761-01A,12
TCGA-G6-A8L6-01A,12
TCGA-CZ-5461-01A,12
TCGA-EU-5907-01A,12
TCGA-B0-5098-01A,12
TCGA-BP-4959-01A,12
TCGA-B0-4811-01A,12
TCGA-B0-5081-01A,12
TCGA-BP-4998-01A,12
TCGA-CZ-5453-01A,12
TCGA-BP-5194-01A,12
TCGA-EU-5906-01A,12
TCGA-CJ-5680-01A,12
TCGA-B4-5838-01A,12
TCGA-B0-4701-01A,12
TCGA-BP-4326-01A,12
TCGA-BP-4329-01A,12
TCGA-B0-5702-01A,12
TCGA-B0-4847-01A,12
TCGA-CJ-4878-01A,12
TCGA-BP-4781-01A,12
TCGA-CW-5580-01A,12
TCGA-CJ-4875-01A,12
TCGA-BP-4345-01A,12
TCGA-B8-A54D-01A,12
TCGA-BP-5176-01A,12
TCGA-B0-5094-01A,12
TCGA-BP-4789-01A,12
TCGA-B8-5549-01A,12
TCGA-CJ-5684-01A,12
TCGA-CW-5590-01A,12
TCGA-BP-4801-01A,12
TCGA-BP-4774-01A,12
TCGA-B4-5844-01A,12
TCGA-CJ-4895-01A,12
TCGA-B0-4699-01A,12
TCGA-CJ-6032-01A,12
TCGA-BP-5202-01A,12
TCGA-B0-4817-01A,12
TCGA-B0-4845-01A,12
TCGA-B0-5713-01A,12
TCGA-BP-4977-01A,12
TCGA-B0-4846-01A,12
TCGA-B8-4143-01A,12
TCGA-BP-4964-01A,12
TCGA-B0-5697-01A,12
TCGA-CJ-4876-01A,12
TCGA-BP-4797-01A,12
TCGA-B0-5106-01A,12
TCGA-CZ-5988-01A,12
TCGA-CZ-5452-01A,12
TCGA-B8-A54G-01A,12
TCGA-CW-5591-01A,12
TCGA-CJ-4885-01A,12
TCGA-CJ-5686-01A,12
TCGA-B8-5551-01A,12
TCGA-B0-4842-01A,12
TCGA-B0-5707-01A,12
TCGA-B0-4697-01A,12
TCGA-A3-3349-01A,12
TCGA-B0-4848-01A,12
TCGA-A3-3326-01A,12
TCGA-BP-4803-01A,12
TCGA-CJ-5676-01A,12
TCGA-CJ-5681-01A,12
TCGA-G6-A5PC-01A,12
TCGA-B8-A54H-01A,12
TCGA-CJ-5679-01A,12
TCGA-CW-5581-01A,12
TCGA-B0-4839-01A,12
TCGA-CJ-4916-01A,12
TCGA-A3-3385-01A,12
TCGA-B0-5075-01A,12
TCGA-CJ-4873-01A,12
TCGA-CW-5589-01A,12
TCGA-CJ-6033-01A,12
TCGA-CJ-4884-01A,12
TCGA-CJ-4890-01A,12
TCGA-BP-4787-01A,12
TCGA-CZ-5455-01A,12
TCGA-B8-5553-01A,12
TCGA-CJ-4892-01A,12
TCGA-CW-5583-01A,12
TCGA-CJ-4870-01A,12
TCGA-B0-4852-01A,12
TCGA-BP-4768-01A,12
TCGA-A3-3317-01A,12
TCGA-CJ-5671-01A,12
TCGA-B0-5701-01A,12
TCGA-CZ-5451-01A,12
TCGA-B2-5641-01A,12
TCGA-B0-5097-01A,12
TCGA-B0-5099-01A,12
TCGA-BP-4343-01A,12
TCGA-A3-3313-01A,12
TCGA-BP-5174-01A,12
TCGA-A3-3372-01A,12
TCGA-B8-A54J-01A,12
TCGA-A3-3365-01A,12
TCGA-A3-3319-01A,12
TCGA-B2-4099-01A,12
TCGA-CJ-4918-01A,12
TCGA-B0-4706-01A,12
TCGA-A3-3352-01A,12
TCGA-AK-3444-01A,12
TCGA-B0-4814-01A,12
TCGA-CJ-5682-01A,12
TCGA-A3-3357-01A,12
TCGA-CW-6090-01A,12
TCGA-B0-5700-01A,12
TCGA-B0-5115-01A,12
TCGA-A3-3383-01A,12
TCGA-BP-5187-01A,12
TCGA-B0-5119-01A,12
TCGA-CZ-5987-01A,12
TCGA-B0-5399-01A,12
TCGA-BP-4790-01A,12
TCGA-CJ-4869-01A,12
TCGA-CJ-4891-01A,12
TCGA-B0-5693-01A,12
TCGA-AK-3451-01A,12
TCGA-B8-5162-01A,12
TCGA-B2-5639-01A,12
TCGA-CJ-5689-01A,12
TCGA-BP-4158-01A,12
TCGA-A3-3329-01A,12
TCGA-B8-A54K-01A,12
TCGA-BP-5199-01A,12
TCGA-DV-5576-01A,12
TCGA-B0-5812-01A,12
TCGA-CZ-4865-01A,12
TCGA-DV-5574-01A,12
TCGA-B2-4098-01A,12
TCGA-B8-4621-01A,12
TCGA-CJ-4904-01A,12
TCGA-AK-3436-01A,12
TCGA-B0-5691-01A,12
TCGA-DV-5565-01A,12
TCGA-BP-4344-01A,12
TCGA-CJ-6030-01A,12
TCGA-BP-5189-01A,12
TCGA-BP-4775-01A,12
TCGA-BP-4342-01A,12
TCGA-B0-5088-01A,12
TCGA-B0-4712-01A,12
TCGA-CJ-4894-01A,12
TCGA-BP-4334-01A,12
TCGA-BP-4965-01A,12
TCGA-B0-5695-01A,12
TCGA-BP-4760-01A,12
TCGA-CZ-4856-01A,12
TCGA-DV-5568-01A,12
TCGA-B0-4815-01A,12
TCGA-BP-4331-01A,12
TCGA-BP-5009-01A,12
TCGA-BP-4999-01A,12
TCGA-BP-4986-01A,12
TCGA-CJ-4642-01B,12
TCGA-BP-4771-01A,12
TCGA-BP-5006-01A,12
TCGA-BP-5168-01A,12
TCGA-CZ-4864-01A,12
TCGA-DV-5575-01A,12
TCGA-AK-3434-01A,12
TCGA-BP-4347-01A,12
TCGA-CJ-4900-01A,12
TCGA-MM-A563-01A,12
TCGA-CZ-4860-01A,12
TCGA-CZ-4859-01A,12
TCGA-A3-3308-01A,12
TCGA-BP-4777-01A,12
TCGA-BP-4759-01A,12
TCGA-BP-5004-01A,12
TCGA-A3-3378-01A,12
TCGA-B8-A54I-01A,12
TCGA-B0-4813-01A,12
TCGA-CJ-4903-01A,12
TCGA-B8-4620-01A,12
TCGA-B0-4698-01A,12
TCGA-BP-4325-01A,12
TCGA-CZ-5462-01A,12
TCGA-DV-5567-01A,12
TCGA-BP-4993-01A,12
TCGA-BP-5178-01A,12
TCGA-IA-A83V-01A,13
TCGA-P4-A5E7-01A,13
TCGA-BQ-5891-01A,13
TCGA-AL-3473-01A,13
TCGA-KV-A6GE-01A,13
TCGA-HE-A5NI-01A,13
TCGA-BQ-7048-01A,13
TCGA-J7-A8I2-01A,13
TCGA-4A-A93X-01A,13
TCGA-Y8-A895-01A,13
TCGA-BQ-5885-01A,13
TCGA-UZ-A9PX-01A,13
TCGA-B3-8121-01A,13
TCGA-2Z-A9JL-01A,13
TCGA-DZ-6133-01A,13
TCGA-2Z-A9J7-01A,13
TCGA-2Z-A9J5-01A,13
TCGA-A4-A57E-01A,13
TCGA-SX-A71U-01A,13
TCGA-G7-A8LB-01A,13
TCGA-HE-7128-01A,13
TCGA-UZ-A9PU-01A,13
TCGA-UZ-A9PQ-01A,13
TCGA-KV-A6GD-01A,13
TCGA-GL-7966-01A,13
TCGA-A4-8517-01A,13
TCGA-A4-7583-01A,13
TCGA-2Z-A9JD-01A,13
TCGA-B9-A5W8-01A,13
TCGA-G7-7502-01A,13
TCGA-GL-A59R-01A,13
TCGA-BQ-5893-01A,13
TCGA-SX-A7SN-01A,13
TCGA-F9-A97G-01A,13
TCGA-DZ-6135-01A,13
TCGA-5P-A9KF-01A,13
TCGA-4A-A93W-01A,13
TCGA-B9-A8YI-01A,13
TCGA-UZ-A9PJ-01A,13
TCGA-P4-A5EB-01A,13
TCGA-WN-A9G9-01A,13
TCGA-MH-A855-01A,13
TCGA-2Z-A9J1-01A,13
TCGA-HE-A5NJ-01A,13
TCGA-B1-A657-01A,13
TCGA-P4-A5E6-01A,13
TCGA-SX-A7SS-01A,13
TCGA-HE-A5NH-01A,13
TCGA-AL-7173-01A,13
TCGA-SX-A71R-01A,13
TCGA-B9-A5W9-01A,13
TCGA-MH-A560-01A,13
TCGA-Y8-A8RY-01A,13
TCGA-Y8-A896-01A,13
TCGA-DW-7834-01A,13
TCGA-DW-7839-01A,13
TCGA-BQ-7058-01A,13
TCGA-B1-5398-01A,13
TCGA-IA-A83W-01A,13
TCGA-BQ-5883-01A,13
TCGA-2Z-A9J3-01A,13
TCGA-V9-A7HT-01A,13
TCGA-A4-7997-01A,13
TCGA-P4-A5ED-01A,13
TCGA-BQ-7055-01A,13
TCGA-B1-A47O-01A,13
TCGA-DW-7838-01A,13
TCGA-BQ-5875-01A,13
TCGA-UN-AAZ9-01A,13
TCGA-P4-A5E8-01A,13
TCGA-B9-5156-01A,13
TCGA-MH-A55Z-01A,13
TCGA-BQ-5890-01A,13
TCGA-B9-A5W7-01A,13
TCGA-A4-7996-01A,13
TCGA-A4-8630-01A,13
TCGA-B9-7268-01A,13
TCGA-G7-A8LD-01A,13
TCGA-2Z-A9JP-01A,13
TCGA-UZ-A9PL-01A,13
TCGA-HE-A5NL-01A,13
TCGA-BQ-5878-01A,13
TCGA-EV-5901-01A,13
TCGA-B1-A47N-01A,13
TCGA-UZ-A9PN-01A,13
TCGA-A4-7585-01A,13
TCGA-IA-A40Y-01A,13
TCGA-PJ-A5Z8-01A,13
TCGA-GL-8500-01A,13
TCGA-UZ-A9PR-01A,13
TCGA-F9-A7Q0-01A,13
TCGA-GL-A4EM-01A,13
TCGA-HE-A5NF-01A,13
TCGA-BQ-5881-01A,13
TCGA-AL-3472-01A,13
TCGA-G7-6790-01A,13
TCGA-A4-8311-01A,13
TCGA-2Z-A9JE-01A,13
TCGA-EV-5902-01A,13
TCGA-SX-A7SP-01A,13
TCGA-HE-A5NK-01A,13
TCGA-DZ-6134-01A,13
TCGA-A4-7734-01A,13
TCGA-B1-A47M-01A,13
TCGA-BQ-7046-01A,13
TCGA-AL-A5DJ-01A,13
TCGA-DW-5561-01A,13
TCGA-Q2-A5QZ-01A,13
TCGA-B9-A44B-01A,13
TCGA-UZ-A9PP-01A,13
TCGA-BQ-5880-01A,13
TCGA-BQ-5892-01A,13
TCGA-G7-6793-01A,13
TCGA-A4-7584-01A,13
TCGA-DW-7842-01A,13
TCGA-2Z-A9J8-01A,13
TCGA-A4-7288-01A,13
TCGA-GL-A9DC-01A,13
TCGA-G7-A8LC-01A,13
TCGA-SX-A7SR-01A,13
TCGA-Y8-A897-01A,13
TCGA-BQ-7049-01A,13
TCGA-B9-5155-01A,13
TCGA-G7-A8LE-01A,13
TCGA-BQ-5894-01A,13
TCGA-DW-7837-01A,13
TCGA-DW-7840-01A,13
TCGA-BQ-7056-01A,13
TCGA-DW-7841-01A,13
TCGA-DW-5560-01A,13
TCGA-J7-8537-01A,13
TCGA-BQ-5888-01A,13
TCGA-BQ-5887-01A,13
TCGA-BQ-7059-01A,13
TCGA-EV-5903-01A,13
TCGA-5P-A9JU-01A,13
TCGA-G7-6797-01A,13
TCGA-J7-6720-01A,13
TCGA-HE-7130-01A,13
TCGA-BQ-7061-01A,13
TCGA-2Z-A9JQ-01A,13
TCGA-SX-A7SO-01A,13
TCGA-G7-7501-01A,13
TCGA-GL-A9DE-01A,13
TCGA-A4-7915-01A,13
TCGA-F9-A7VF-01A,13
TCGA-IZ-8196-01A,13
TCGA-GL-7773-01A,13
TCGA-2K-A9WE-01A,13
TCGA-KV-A74V-01A,13
TCGA-P4-AAVM-01A,13
TCGA-BQ-5877-01A,13
TCGA-Y8-A8RZ-01A,13
TCGA-2Z-A9J9-01A,13
TCGA-F9-A4JJ-01A,13
TCGA-BQ-5889-01A,13
TCGA-G7-6796-01A,13
TCGA-Y8-A8S1-01A,13
TCGA-P4-AAVO-01A,13
TCGA-B3-A6W5-01A,13
TCGA-UZ-A9Q1-01A,13
TCGA-PJ-A5Z9-01A,13
TCGA-G7-6795-01A,13
TCGA-B1-A654-01A,13
TCGA-HE-7129-01A,13
TCGA-UZ-A9PM-01A,13
TCGA-B9-A8YH-01A,13
TCGA-A4-8516-01A,13
TCGA-P4-AAVL-01A,13
TCGA-2Z-A9JI-01A,13
TCGA-G7-6789-01A,13
TCGA-A4-8098-01A,13
TCGA-DZ-6132-01A,13
TCGA-BQ-7062-01A,13
TCGA-UZ-A9PK-01A,13
TCGA-SX-A7SQ-01A,13
TCGA-IZ-A6M8-01A,13
TCGA-G7-A4TM-01A,13
TCGA-BQ-7051-01A,13
TCGA-UZ-A9PZ-01A,13
TCGA-GL-A9DD-01A,13
TCGA-UZ-A9PV-01A,13
TCGA-MH-A562-01A,13
TCGA-2Z-A9JJ-01A,13
TCGA-BQ-7050-01A,13
TCGA-2Z-A9JT-01A,13
TCGA-UZ-A9PO-01A,13
TCGA-SX-A7SM-01A,13
TCGA-DW-7963-01B,13
TCGA-P4-A5EA-01A,13
TCGA-2Z-A9JO-01A,13
TCGA-G7-6792-01A,13
TCGA-BQ-7053-01A,13
TCGA-GL-6846-01A,13
TCGA-DZ-6131-01A,13
TCGA-IA-A40U-01A,13
TCGA-P4-AAVK-01A,13
TCGA-BQ-5882-01A,13
TCGA-F9-A8NY-01A,13
TCGA-IZ-8195-01A,13
TCGA-Y8-A8S0-01A,13
TCGA-BQ-5879-01A,13
TCGA-B9-A69E-01A,13
TCGA-4A-A93Y-01A,13
TCGA-IA-A40X-01A,13
TCGA-BQ-7044-01A,13
TCGA-UZ-A9Q0-01A,13
TCGA-5P-A9KE-01A,13
TCGA-Y8-A894-01A,13
TCGA-B1-7332-01A,13
TCGA-2Z-A9J6-01A,13
TCGA-5P-A9JY-01A,13
TCGA-BQ-7060-01A,13
TCGA-UZ-A9PS-01A,13
TCGA-UZ-A9PS-05A,13
TCGA-DU-7302-01A,14
TCGA-DU-7010-01A,14
TCGA-EZ-7264-01A,14
TCGA-HT-A5R7-01A,14
TCGA-HT-8109-01A,14
TCGA-HT-8018-01A,14
TCGA-HT-7603-01A,14
TCGA-DU-7013-01A,14
TCGA-QH-A65S-01A,14
TCGA-QH-A6X5-01A,14
TCGA-HT-7483-01A,14
TCGA-DU-6403-01A,14
TCGA-DU-7011-01A,14
TCGA-HT-7478-01A,14
TCGA-HT-7857-01A,14
TCGA-DU-6399-01A,14
TCGA-TQ-A7RS-01A,14
TCGA-HT-7471-01A,14
TCGA-VM-A8CH-01A,14
TCGA-S9-A7R4-01A,14
TCGA-VV-A86M-01A,14
TCGA-P5-A72U-01A,14
TCGA-DU-7008-01A,14
TCGA-HW-8322-01A,14
TCGA-TQ-A7RG-01A,14
TCGA-HT-7605-01A,14
TCGA-S9-A6U5-01A,14
TCGA-DB-A4X9-01A,14
TCGA-QH-A6CS-01A,14
TCGA-HT-7472-01A,14
TCGA-HT-7482-01A,14
TCGA-E1-5303-01A,14
TCGA-VM-A8C9-01A,14
TCGA-HW-7495-01A,14
TCGA-HW-7486-01A,14
TCGA-P5-A730-01A,14
TCGA-HT-7695-01A,14
TCGA-HT-7610-01A,14
TCGA-HT-7476-01A,14
TCGA-DU-8167-01A,14
TCGA-FG-7638-01B,14
TCGA-P5-A781-01A,14
TCGA-TM-A84R-01A,14
TCGA-HT-7687-01A,14
TCGA-S9-A7QX-01A,14
TCGA-HT-7607-01A,14
TCGA-FG-5963-02A,14
TCGA-DH-5141-01A,14
TCGA-HT-7855-01A,14
TCGA-FG-A60L-01A,14
TCGA-TQ-A7RR-01A,14
TCGA-HT-7691-01A,14
TCGA-QH-A6CU-01A,14
TCGA-F6-A8O3-01A,14
TCGA-CS-4944-01A,14
TCGA-DB-A64S-01A,14
TCGA-S9-A6TU-01A,14
TCGA-HW-7489-01A,14
TCGA-E1-5322-01A,14
TCGA-DU-A7TG-01A,14
TCGA-TQ-A7RV-01A,14
TCGA-E1-A7YW-01A,14
TCGA-DB-A75K-01A,14
TCGA-E1-A7YQ-01A,14
TCGA-TQ-A7RH-01A,14
TCGA-FG-A4MU-01B,14
TCGA-FG-A87Q-01A,14
TCGA-DU-8162-01A,14
TCGA-HT-7688-01A,14
TCGA-FG-A87N-01A,14
TCGA-E1-5302-01A,14
TCGA-TM-A7C5-01A,14
TCGA-DB-5279-01A,14
TCGA-HT-8012-01A,14
TCGA-E1-A7Z2-01A,14
TCGA-E1-5307-01A,14
TCGA-HT-A618-01A,14
TCGA-IK-7675-01A,14
TCGA-P5-A736-01A,14
TCGA-QH-A86X-01A,14
TCGA-HT-7616-01A,14
TCGA-FG-A6J3-01A,14
TCGA-FG-7636-01A,14
TCGA-HT-7469-01A,14
TCGA-DU-A6S2-01A,14
TCGA-CS-5396-01A,14
TCGA-DU-5854-01A,14
TCGA-HW-8319-01A,14
TCGA-DU-8161-01A,14
TCGA-R8-A6YH-01A,14
TCGA-HT-7856-01A,14
TCGA-DU-A76O-01A,14
TCGA-HT-A616-01A,14
TCGA-FG-A6IZ-01A,14
TCGA-DB-A64L-01A,14
TCGA-FG-A4MW-01A,14
TCGA-FG-6688-01A,14
TCGA-HT-7473-01A,14
TCGA-DH-5143-01A,14
TCGA-DU-5871-01A,14
TCGA-DU-A7TD-01A,14
TCGA-HT-7690-01A,14
TCGA-HT-A5R9-01A,14
TCGA-HT-A615-01A,14
TCGA-HT-7877-01A,14
TCGA-TQ-A7RF-01A,14
TCGA-DU-A7TA-01A,14
TCGA-DU-5870-01A,14
TCGA-DH-A66D-01A,14
TCGA-HT-7470-01A,14
TCGA-TQ-A7RW-01A,14
TCGA-RY-A83X-01A,14
TCGA-FG-5964-01A,14
TCGA-HT-7874-01A,14
TCGA-DU-6407-01A,14
TCGA-S9-A6U6-01A,14
TCGA-E1-A7Z6-01A,14
TCGA-DB-A75P-01A,14
TCGA-DU-6405-01A,14
TCGA-DU-5847-01A,14
TCGA-CS-4943-01A,14
TCGA-CS-5394-01A,14
TCGA-HT-8558-01A,14
TCGA-S9-A6U0-01A,14
TCGA-HT-8113-01A,14
TCGA-DU-5852-01A,14
TCGA-HT-7676-01A,14
TCGA-S9-A6WN-01A,14
TCGA-DU-A7T6-01A,14
TCGA-DU-7014-01A,14
TCGA-S9-A6WG-01A,14
TCGA-VM-A8C8-01A,14
TCGA-HW-7491-01A,14
TCGA-HT-8110-01A,14
TCGA-QH-A65V-01A,14
TCGA-HT-7479-01A,14
TCGA-FG-A4MX-01A,14
TCGA-HT-7684-01A,14
TCGA-HT-7858-01A,14
TCGA-CS-5397-01A,14
TCGA-TQ-A7RN-01A,14
TCGA-FG-A70Y-01A,14
TCGA-DU-7306-01A,14
TCGA-FG-7637-01A,14
TCGA-CS-5390-01A,14
TCGA-QH-A6CX-01A,14
TCGA-DU-8163-01A,14
TCGA-P5-A5F2-01A,14
TCGA-HT-A61B-01A,14
TCGA-HT-7879-01A,14
TCGA-DH-A66F-01A,14
TCGA-DU-7309-01A,14
TCGA-P5-A733-01A,14
TCGA-VM-A8CA-01A,14
TCGA-S9-A6TY-01A,14
TCGA-QH-A6CY-01A,14
TCGA-TQ-A7RQ-01A,14
TCGA-DB-A64W-01A,14
TCGA-FG-A4MT-01A,14
TCGA-DU-6397-01A,14
TCGA-CS-5393-01A,14
TCGA-P5-A77W-01A,14
TCGA-HT-A61A-01A,14
TCGA-WY-A85C-01A,14
TCGA-S9-A7IS-01A,14
TCGA-DU-7018-01A,14
TCGA-HT-8107-01A,14
TCGA-HT-7467-01A,14
TCGA-DU-8164-01A,14
TCGA-DU-6392-01A,14
TCGA-FG-8185-01A,14
TCGA-HT-A74H-01A,14
TCGA-QH-A6CW-01A,14
TCGA-HT-7860-01A,14
TCGA-FG-A4MY-01A,14
TCGA-P5-A5F0-01A,14
TCGA-S9-A7J0-01A,14
TCGA-S9-A7R8-01A,14
TCGA-P5-A5EZ-01A,14
TCGA-S9-A7QZ-01A,14
TCGA-DU-7301-01A,14
TCGA-DB-A64Q-01A,14
TCGA-E1-A7YL-01A,14
TCGA-CS-6666-01A,14
TCGA-HT-8111-01A,14
TCGA-HT-7485-01A,14
TCGA-QH-A6X4-01A,14
TCGA-S9-A7IY-01A,14
TCGA-DU-A6S8-01A,14
TCGA-DB-A64U-01A,14
TCGA-DB-5276-01A,14
TCGA-HT-8019-01A,14
TCGA-P5-A735-01A,14
TCGA-E1-5305-01A,14
TCGA-DB-A75L-01A,14
TCGA-FG-7643-01A,14
TCGA-DU-8158-01A,14
TCGA-DB-5275-01A,14
TCGA-QH-A65Z-01A,14
TCGA-DU-6404-01A,14
TCGA-DU-7012-01A,14
TCGA-DB-5277-01A,14
TCGA-S9-A7IQ-01A,14
TCGA-QH-A6X8-01A,14
TCGA-DU-A7TB-01A,14
TCGA-P5-A5ET-01A,14
TCGA-P5-A5EV-01A,14
TCGA-DU-A5TS-01A,14
TCGA-FG-8186-01A,14
TCGA-DU-7290-01A,14
TCGA-FG-A4MT-02A,14
TCGA-HT-A617-01A,14
TCGA-HT-7468-01A,14
TCGA-FG-6691-01A,14
TCGA-HT-8013-01A,14
TCGA-HT-7601-01A,14
TCGA-DU-7015-01A,14
TCGA-HT-8564-01A,14
TCGA-DB-A4XB-01A,14
TCGA-HT-7681-01A,14
TCGA-FG-8187-01A,14
TCGA-HT-A619-01A,14
TCGA-DB-A64O-01A,14
TCGA-E1-5318-01A,14
TCGA-DB-A4XD-01A,14
TCGA-DB-A4XF-01A,14
TCGA-HT-7875-01A,14
TCGA-RY-A845-01A,14
TCGA-HT-7475-01A,14
TCGA-DU-5874-01A,14
TCGA-DU-7006-01A,14
TCGA-S9-A6TS-01A,14
TCGA-DU-7294-01A,14
TCGA-QH-A6XA-01A,14
TCGA-DU-6394-01A,14
TCGA-R8-A6MO-01A,14
TCGA-P5-A5EX-01A,14
TCGA-HT-7880-01A,14
TCGA-FG-5962-01B,14
TCGA-DU-7300-01A,14
TCGA-R8-A6ML-01A,14
TCGA-QH-A870-01A,14
TCGA-DU-A5TU-01A,14
TCGA-S9-A6U9-01A,14
TCGA-S9-A7J2-01A,14
TCGA-HT-A74J-01A,14
TCGA-P5-A5EU-01A,14
TCGA-DB-5280-01A,14
TCGA-RY-A843-01A,14
TCGA-HT-A5R5-01A,14
TCGA-DH-5142-01A,14
TCGA-E1-5304-01A,14
TCGA-HT-7680-01A,14
TCGA-DU-A5TT-01A,14
TCGA-QH-A65X-01A,14
TCGA-HT-8011-01A,14
TCGA-E1-A7YI-01A,14
TCGA-HT-7854-01A,14
TCGA-FG-A710-01A,14
TCGA-P5-A72W-01A,14
TCGA-HT-8104-01A,14
TCGA-P5-A5EW-01A,14
TCGA-DU-6395-01A,14
TCGA-TQ-A7RV-02A,14
TCGA-CS-6668-01A,14
TCGA-P5-A780-01A,14
TCGA-HT-7604-01A,14
TCGA-FG-5963-01A,14
TCGA-HW-7490-01A,14
TCGA-QH-A6CV-01A,14
TCGA-DH-5140-01A,14
TCGA-VW-A7QS-01A,14
TCGA-DU-5853-01A,14
TCGA-FG-7634-01A,14
TCGA-HT-7480-01A,14
TCGA-P5-A5F6-01A,14
TCGA-CS-4938-01B,14
TCGA-TQ-A7RK-01A,14
TCGA-P5-A731-01A,14
TCGA-E1-A7Z3-01A,14
TCGA-DU-A6S3-01A,14
TCGA-E1-A7YV-01A,14
TCGA-S9-A6WE-01A,14
TCGA-DU-8168-01A,14
TCGA-DU-6542-01A,14
TCGA-FG-6690-01A,14
TCGA-TM-A7CF-02A,14
TCGA-HT-7689-01A,14
TCGA-WY-A85B-01A,14
TCGA-DU-5855-01A,14
TCGA-DU-6401-01A,14
TCGA-E1-A7YH-01A,14
TCGA-R8-A6MK-01A,14
TCGA-P5-A5EY-01A,14
TCGA-DB-A64X-01A,14
TCGA-CS-6670-01A,14
TCGA-DB-A64R-01A,14
TCGA-HT-7481-01A,14
TCGA-HW-8320-01A,14
TCGA-DU-7009-01A,14
TCGA-P5-A5F1-01A,14
TCGA-CS-4942-01A,14
TCGA-DB-5274-01A,14
TCGA-S9-A6WH-01A,14
TCGA-HT-7620-01A,14
TCGA-TQ-A8XE-01A,14
TCGA-RY-A83Z-01A,14
TCGA-DU-7292-01A,14
TCGA-DU-6396-01A,14
TCGA-RY-A83Y-01A,14
TCGA-DB-A64V-01A,14
TCGA-DU-6400-01A,14
TCGA-DB-5281-01A,14
TCGA-HT-7694-01A,14
TCGA-VM-A8CE-01A,14
TCGA-HT-8015-01B,14
TCGA-FG-8181-01A,14
TCGA-HW-A5KJ-01A,14
TCGA-E1-A7YN-01A,14
TCGA-P5-A5F4-01A,14
TCGA-VM-A8CD-01A,14
TCGA-HT-7608-01A,14
TCGA-HT-A74L-01A,14
TCGA-DU-A5TW-01A,14
TCGA-DB-5270-01A,14
TCGA-S9-A6U1-01A,14
TCGA-HT-7602-01A,14
TCGA-IK-8125-01A,14
TCGA-FG-A70Z-01A,14
TCGA-HT-7873-01B,14
TCGA-E1-A7YS-01A,14
TCGA-QH-A6XC-01A,14
TCGA-QH-A6X9-01A,14
TCGA-HT-7882-01A,14
TCGA-DU-A7TI-01A,14
TCGA-P5-A77X-01A,14
TCGA-DB-A4XH-01A,14
TCGA-FG-A60J-01A,14
TCGA-CS-6669-01A,14
TCGA-S9-A7IZ-01A,14
TCGA-FG-6689-01A,14
TCGA-FG-8191-01A,14
TCGA-HW-A5KM-01A,14
TCGA-TQ-A8XE-02A,14
TCGA-FG-8188-01A,14
TCGA-VV-A829-01A,14
TCGA-DU-6408-01A,14
TCGA-HT-8010-01A,14
TCGA-DB-A4XE-01A,14
TCGA-S9-A6WQ-01A,14
TCGA-DU-7019-01A,14
TCGA-P5-A737-01A,14
TCGA-HW-7493-01A,14
TCGA-DU-8166-01A,14
TCGA-HT-7606-01A,14
TCGA-WY-A85D-01A,14
TCGA-E1-A7YM-01A,14
TCGA-FG-8189-01B,14
TCGA-QH-A6CZ-01A,14
TCGA-KT-A74X-01A,14
TCGA-DB-A4XA-01A,14
TCGA-DU-5872-01A,14
TCGA-P5-A72Z-01A,14
TCGA-DU-6406-01A,14
TCGA-DB-5278-01A,14
TCGA-HT-A614-01A,14
TCGA-E1-5311-01A,14
TCGA-DU-A5TY-01A,14
TCGA-HT-7609-01A,14
TCGA-HT-7902-01A,14
TCGA-DB-A75M-01A,14
TCGA-S9-A6WP-01A,14
TCGA-HT-A4DV-01A,14
TCGA-VM-A8CB-01A,14
TCGA-E1-A7YJ-01A,14
TCGA-HT-8105-01A,14
TCGA-S9-A6TV-01A,14
TCGA-DH-5144-01A,14
TCGA-DB-A75O-01A,14
TCGA-HT-A5RB-01A,14
TCGA-HT-8114-01A,14
TCGA-HT-7611-01A,14
TCGA-DU-8165-01A,14
TCGA-FG-7641-01B,14
TCGA-DU-6402-01A,14
TCGA-HT-7881-01A,14
TCGA-DH-A66G-01A,14
TCGA-HT-8106-01A,14
TCGA-HT-7693-01A,14
TCGA-FG-5965-01B,14
TCGA-FG-A713-01A,14
TCGA-HW-8321-01A,14
TCGA-HT-7686-01A,14
TCGA-DB-A64P-01A,14
TCGA-DU-A76K-01A,14
TCGA-P5-A72X-01A,14
TCGA-DU-A76L-01A,14
TCGA-S9-A7J1-01A,14
TCGA-CS-6188-01A,14
TCGA-S9-A6TX-01A,14
TCGA-HT-7677-01A,14
TCGA-F6-A8O4-01A,14
TCGA-TM-A84S-01A,14
TCGA-DU-A5TR-01A,14
TCGA-DU-5851-01A,14
TCGA-CS-6665-01A,14
TCGA-HT-7474-01A,14
TCGA-DB-5273-01A,14
TCGA-DU-A7TJ-01A,14
TCGA-CS-6186-01A,14
TCGA-DU-7304-01A,14
TCGA-W9-A837-01A,14
TCGA-FG-8182-01A,14
TCGA-S9-A6WD-01A,14
TCGA-HT-A74O-01A,14
TCGA-E1-5319-01A,14
TCGA-DU-7298-01A,14
TCGA-DH-A66B-01A,14
TCGA-DU-A5TP-01A,14
TCGA-DU-5849-01A,14
TCGA-HT-7692-01A,14
TCGA-DU-A76R-01A,14
TCGA-DH-A7US-01A,14
TCGA-E1-A7YY-01A,14
TCGA-DB-A4XG-01A,14
TCGA-HT-7884-01B,14
TCGA-S9-A7R1-01A,14
TCGA-DU-7007-01A,14
TCGA-HW-A5KK-01A,14
TCGA-TQ-A7RK-02A,14
TCGA-HT-7477-01B,14
TCGA-DB-A4XC-01A,14
TCGA-DU-6393-01A,14
TCGA-HW-7487-01A,14
TCGA-DU-6410-01A,14
TCGA-ED-A66Y-01A,15
TCGA-ED-A8O5-01A,15
TCGA-FV-A3R3-01A,15
TCGA-G3-A5SJ-01A,15
TCGA-HP-A5MZ-01A,15
TCGA-BC-A10W-01A,15
TCGA-DD-A4NH-01A,15
TCGA-G3-A25Z-01A,15
TCGA-BC-A10X-01A,15
TCGA-NI-A8LF-01A,15
TCGA-EP-A2KA-01A,15
TCGA-GJ-A9DB-01A,15
TCGA-DD-A3A3-01A,15
TCGA-DD-A1ED-01A,15
TCGA-EP-A2KB-01A,15
TCGA-CC-A8HU-01A,15
TCGA-PD-A5DF-01A,15
TCGA-DD-A1EF-01A,15
TCGA-GJ-A6C0-01A,15
TCGA-DD-A11D-01A,15
TCGA-XR-A8TF-01A,15
TCGA-ED-A7XO-01A,15
TCGA-CC-A5UE-01A,15
TCGA-DD-A73D-01A,15
TCGA-DD-A39X-01A,15
TCGA-CC-A1HT-01A,15
TCGA-G3-A5SK-01A,15
TCGA-DD-A1EL-01A,15
TCGA-MR-A520-01A,15
TCGA-CC-A3MB-01A,15
TCGA-DD-A115-01A,15
TCGA-DD-A39W-01A,15
TCGA-G3-A7M6-01A,15
TCGA-G3-A3CK-01A,15
TCGA-DD-A3A2-01A,15
TCGA-G3-A3CH-01A,15
TCGA-CC-A5UD-01A,15
TCGA-DD-A3A9-01A,15
TCGA-WQ-A9G7-01A,15
TCGA-G3-A25Y-01A,15
TCGA-BC-A10S-01A,15
TCGA-BC-A216-01A,15
TCGA-DD-A4NR-01A,15
TCGA-CC-A7IG-01A,15
TCGA-DD-A119-01A,15
TCGA-BC-A217-01A,15
TCGA-EP-A2KC-01A,15
TCGA-BC-A3KG-01A,15
TCGA-DD-A118-01A,15
TCGA-DD-A4NJ-01A,15
TCGA-UB-A7MF-01A,15
TCGA-G3-A7M5-01A,15
TCGA-ED-A82E-01A,15
TCGA-NI-A4U2-01A,15
TCGA-CC-A7II-01A,15
TCGA-DD-A3A4-01A,15
TCGA-UB-A7MB-01A,15
TCGA-ED-A66X-01A,15
TCGA-G3-A3CI-01A,15
TCGA-CC-A7IL-01A,15
TCGA-DD-A4NE-01A,15
TCGA-ED-A5KG-01A,15
TCGA-DD-A4ND-01A,15
TCGA-FV-A2QQ-01A,15
TCGA-CC-A8HS-01A,15
TCGA-DD-A1EH-01A,15
TCGA-DD-A73F-01A,15
TCGA-BC-A10Z-01A,15
TCGA-BC-A69H-01A,15
TCGA-ED-A7XP-01A,15
TCGA-G3-A5SM-01A,15
TCGA-FV-A2QR-01A,15
TCGA-CC-A123-01A,15
TCGA-CC-A7IK-01A,15
TCGA-DD-A39V-01A,15
TCGA-G3-A25V-01A,15
TCGA-BC-A8YO-01A,15
TCGA-CC-A8HV-01A,15
TCGA-BC-A5W4-01A,15
TCGA-DD-A3A7-01A,15
TCGA-DD-A4NI-01A,15
TCGA-CC-5264-01A,15
TCGA-BC-A10Y-01A,15
TCGA-CC-A3MA-01A,15
TCGA-DD-A73B-01A,15
TCGA-DD-A3A8-01A,15
TCGA-CC-5258-01A,15
TCGA-ED-A459-01A,15
TCGA-BW-A5NP-01A,15
TCGA-DD-A4NK-01A,15
TCGA-DD-AA3A-01A,15
TCGA-BC-4072-01B,15
TCGA-DD-A73G-01A,15
TCGA-DD-A11A-01A,15
TCGA-DD-A3A6-01A,15
TCGA-UB-A7MD-01A,15
TCGA-DD-A1EB-01A,15
TCGA-FV-A4ZQ-01A,15
TCGA-G3-A7M7-01A,15
TCGA-MR-A8JO-01A,15
TCGA-DD-A11C-01A,15
TCGA-RG-A7D4-01A,15
TCGA-BC-A10Q-01A,15
TCGA-FV-A23B-01A,15
TCGA-CC-5262-01A,15
TCGA-DD-A4NF-01A,15
TCGA-BC-A10U-01A,15
TCGA-DD-A4NP-01A,15
TCGA-FV-A3R2-01A,15
TCGA-BD-A3ER-01A,15
TCGA-BC-A110-01A,15
TCGA-UB-A7MA-01A,15
TCGA-DD-A1EC-01A,15
TCGA-K7-A5RG-01A,15
TCGA-T1-A6J8-01A,15
TCGA-CC-A3MC-01A,15
TCGA-ES-A2HS-01A,15
TCGA-CC-A8HT-01A,15
TCGA-ED-A7PX-01A,15
TCGA-K7-A5RF-01A,15
TCGA-XR-A8TC-01A,15
TCGA-DD-A4NO-01A,15
TCGA-ED-A7PZ-01A,15
TCGA-HP-A5N0-01A,15
TCGA-ED-A8O6-01A,15
TCGA-CC-A3M9-01A,15
TCGA-DD-A1EJ-01A,15
TCGA-DD-A1EE-01A,15
TCGA-DD-A39Z-01A,15
TCGA-BD-A2L6-01A,15
TCGA-G3-A25X-01A,15
TCGA-DD-A4NB-01A,15
TCGA-BC-A10R-01A,15
TCGA-DD-A11B-01A,15
TCGA-CC-5261-01A,15
TCGA-BC-A3KF-01A,15
TCGA-G3-A3CG-01A,15
TCGA-G3-A7M8-01A,15
TCGA-G3-A7M9-01A,15
TCGA-EP-A3JL-01A,15
TCGA-FV-A4ZP-01A,15
TCGA-DD-A114-01A,15
TCGA-KR-A7K7-01A,15
TCGA-O8-A75V-01A,15
TCGA-BC-A69I-01A,15
TCGA-DD-A73C-01A,15
TCGA-ES-A2HT-01A,15
TCGA-DD-A3A1-01A,15
TCGA-BC-A10T-01A,15
TCGA-DD-A4NG-01A,15
TCGA-EP-A12J-01A,15
TCGA-ED-A627-01A,15
TCGA-CC-5263-01A,15
TCGA-G3-A5SL-01A,15
TCGA-DD-A4NS-01A,15
TCGA-DD-A4NN-01A,15
TCGA-G3-A25U-01A,15
TCGA-ED-A4XI-01A,15
TCGA-DD-A39Y-01A,15
TCGA-LG-A6GG-01A,15
TCGA-DD-A4NA-01A,15
TCGA-BW-A5NQ-01A,15
TCGA-DD-A73E-01A,15
TCGA-BD-A3EP-01A,15
TCGA-UB-A7MC-01A,15
TCGA-EP-A3RK-01A,15
TCGA-CC-A5UC-01A,15
TCGA-FV-A496-01A,15
TCGA-ED-A7PY-01A,15
TCGA-DD-A116-01A,15
TCGA-RC-A6M6-01A,15
TCGA-EP-A26S-01A,15
TCGA-G3-A25S-01A,15
TCGA-YA-A8S7-01A,15
TCGA-DD-A4NQ-01A,15
TCGA-CC-5260-01A,15
TCGA-CC-A7IF-01A,15
TCGA-DD-A3A5-01A,15
TCGA-CC-A7IH-01A,15
TCGA-BW-A5NO-01A,15
TCGA-CC-A7IJ-01A,15
TCGA-95-7043-01A,16
TCGA-73-4658-01A,16
TCGA-86-8076-01A,16
TCGA-44-6147-01A,16
TCGA-50-5932-01A,16
TCGA-44-2661-01A,16
TCGA-86-7954-01A,16
TCGA-44-7671-01A,16
TCGA-62-A46P-01A,16
TCGA-86-7955-01A,16
TCGA-50-6592-01A,16
TCGA-38-4625-01A,16
TCGA-80-5611-01A,16
TCGA-86-8054-01A,16
TCGA-L9-A5IP-01A,16
TCGA-69-7764-01A,16
TCGA-49-6744-01A,16
TCGA-75-5125-01A,16
TCGA-69-7763-01A,16
TCGA-86-8279-01A,16
TCGA-97-8179-01A,16
TCGA-86-8055-01A,16
TCGA-44-6774-01A,16
TCGA-50-5066-01A,16
TCGA-05-5423-01A,16
TCGA-97-A4M2-01A,16
TCGA-95-7567-01A,16
TCGA-49-AAR0-01A,16
TCGA-44-2656-01A,16
TCGA-53-7813-01A,16
TCGA-O1-A52J-01A,16
TCGA-35-4122-01A,16
TCGA-49-4507-01A,16
TCGA-78-7145-01A,16
TCGA-53-7624-01A,16
TCGA-50-5068-01A,16
TCGA-78-7163-01A,16
TCGA-35-5375-01A,16
TCGA-80-5608-01A,16
TCGA-86-8281-01A,16
TCGA-MP-A4T6-01A,16
TCGA-97-A4M5-01A,16
TCGA-05-5429-01A,16
TCGA-44-4112-01A,16
TCGA-49-6767-01A,16
TCGA-MP-A4T9-01A,16
TCGA-50-5942-01A,16
TCGA-MP-A4SV-01A,16
TCGA-49-AAR4-01A,16
TCGA-05-4397-01A,16
TCGA-44-A47A-01A,16
TCGA-86-8359-01A,16
TCGA-78-7539-01A,16
TCGA-MP-A4T8-01A,16
TCGA-64-1679-01A,16
TCGA-44-A479-01A,16
TCGA-NJ-A55O-01A,16
TCGA-MP-A5C7-01A,16
TCGA-64-5778-01A,16
TCGA-55-6971-01A,16
TCGA-49-AARN-01A,16
TCGA-55-5899-01A,16
TCGA-49-AAQV-01A,16
TCGA-99-8028-01A,16
TCGA-75-6205-01A,16
TCGA-50-6591-01A,16
TCGA-50-8459-01A,16
TCGA-05-5425-01A,16
TCGA-78-7150-01A,16
TCGA-86-A4P7-01A,16
TCGA-49-4512-01A,16
TCGA-64-5815-01A,16
TCGA-L9-A50W-01A,16
TCGA-73-4675-01A,16
TCGA-44-2668-01A,16
TCGA-44-A4SU-01A,16
TCGA-69-7765-01A,16
TCGA-49-4487-01A,16
TCGA-67-6216-01A,16
TCGA-86-8280-01A,16
TCGA-91-6840-01A,16
TCGA-78-7154-01A,16
TCGA-55-7815-01A,16
TCGA-49-4488-01A,16
TCGA-93-7348-01A,16
TCGA-78-7147-01A,16
TCGA-50-5941-01A,16
TCGA-44-A4SS-01A,16
TCGA-78-7146-01A,16
TCGA-78-7155-01A,16
TCGA-44-3398-01A,16
TCGA-05-5420-01A,16
TCGA-50-5072-01A,16
TCGA-05-4396-01A,16
TCGA-05-4405-01A,16
TCGA-38-4629-01A,16
TCGA-05-4410-01A,16
TCGA-44-7661-01A,16
TCGA-05-4384-01A,16
TCGA-80-5607-01A,16
TCGA-73-4676-01A,16
TCGA-91-6836-01A,16
TCGA-95-7948-01A,16
TCGA-91-7771-01A,16
TCGA-50-5944-01A,16
TCGA-78-7540-01A,16
TCGA-91-6829-01A,16
TCGA-62-8398-01A,16
TCGA-83-5908-01A,16
TCGA-93-A4JP-01A,16
TCGA-73-A9RS-01A,16
TCGA-L4-A4E5-01A,16
TCGA-55-6982-01A,16
TCGA-91-6835-01A,16
TCGA-86-8074-01A,16
TCGA-86-8358-01A,16
TCGA-78-7158-01A,16
TCGA-91-8497-01A,16
TCGA-49-6761-01A,16
TCGA-49-AARO-01A,16
TCGA-78-7159-01A,16
TCGA-L9-A7SV-01A,16
TCGA-78-7143-01A,16
TCGA-91-8499-01A,16
TCGA-49-AAR3-01A,16
TCGA-55-8620-01A,16
TCGA-69-8255-01A,16
TCGA-75-6207-01A,16
TCGA-NJ-A4YF-01A,16
TCGA-91-6830-01A,16
TCGA-44-6778-01A,16
TCGA-62-8395-01A,16
TCGA-49-4486-01A,16
TCGA-86-A4P8-01A,16
TCGA-78-7537-01A,16
TCGA-44-3919-01A,16
TCGA-35-4123-01A,16
TCGA-62-8394-01A,16
TCGA-69-7761-01A,16
TCGA-97-7554-01A,16
TCGA-50-6673-01A,16
TCGA-95-7039-01A,16
TCGA-95-7944-01A,16
TCGA-78-7152-01A,16
TCGA-44-7659-01A,16
TCGA-97-7941-01A,16
TCGA-49-4514-01A,16
TCGA-MP-A4TE-01A,16
TCGA-75-6206-01A,16
TCGA-86-8671-01A,16
TCGA-78-7160-01A,16
TCGA-64-1681-01A,16
TCGA-49-4494-01A,16
TCGA-50-5946-01A,16
TCGA-44-6779-01A,16
TCGA-49-AARE-01A,16
TCGA-73-4659-01A,16
TCGA-50-8457-01A,16
TCGA-55-8507-01A,16
TCGA-78-7536-01A,16
TCGA-95-A4VK-01A,16
TCGA-38-4627-01A,16
TCGA-67-6215-01A,16
TCGA-05-5715-01A,16
TCGA-75-7030-01A,16
TCGA-J2-A4AG-01A,16
TCGA-55-6543-01A,16
TCGA-97-7938-01A,16
TCGA-35-3615-01A,16
TCGA-55-8505-01A,16
TCGA-44-2657-01A,16
TCGA-49-4510-01A,16
TCGA-MP-A4TK-01A,16
TCGA-50-5044-01A,16
TCGA-49-AAR2-01A,16
TCGA-44-2665-01A,16
TCGA-05-4250-01A,16
TCGA-97-7937-01A,16
TCGA-64-5774-01A,16
TCGA-50-6590-01A,16
TCGA-64-5779-01A,16
TCGA-78-8662-01A,16
TCGA-55-7911-01A,16
TCGA-86-8585-01A,16
TCGA-38-A44F-01A,16
TCGA-64-1680-01A,16
TCGA-97-A4M6-01A,16
TCGA-75-6214-01A,16
TCGA-97-7553-01A,16
TCGA-64-1677-01A,16
TCGA-73-7498-01A,16
TCGA-38-6178-01A,16
TCGA-44-7670-01A,16
TCGA-62-A471-01A,16
TCGA-49-4505-01A,16
TCGA-NJ-A7XG-01A,16
TCGA-91-6848-01A,16
TCGA-44-6146-01A,16
TCGA-05-4434-01A,16
TCGA-55-6979-01A,16
TCGA-05-4427-01A,16
TCGA-50-5939-01A,16
TCGA-05-4418-01A,16
TCGA-67-6217-01A,16
TCGA-49-6745-01A,16
TCGA-44-6776-01A,16
TCGA-05-4402-01A,16
TCGA-78-7633-01A,16
TCGA-55-6981-01A,16
TCGA-50-6597-01A,16
TCGA-95-7947-01A,16
TCGA-J2-A4AD-01A,16
TCGA-55-1592-01A,16
TCGA-73-4670-01A,16
TCGA-55-1594-01A,16
TCGA-50-5051-01A,16
TCGA-49-4501-01A,16
TCGA-J2-8194-01A,16
TCGA-44-3917-01A,16
TCGA-44-8119-01A,16
TCGA-55-7573-01A,16
TCGA-78-7166-01A,16
TCGA-49-6742-01A,16
TCGA-55-1596-01A,16
TCGA-55-6978-01A,16
TCGA-91-A4BD-01A,16
TCGA-67-3771-01A,16
TCGA-J2-8192-01A,16
TCGA-86-6851-01A,16
TCGA-NJ-A4YI-01A,16
TCGA-97-7552-01A,16
TCGA-MP-A4T4-01A,16
TCGA-L4-A4E6-01A,16
TCGA-44-5643-01A,16
TCGA-38-4626-01A,16
TCGA-MP-A4TD-01A,16
TCGA-05-4244-01A,16
TCGA-44-6777-01A,16
TCGA-05-4430-01A,16
TCGA-05-4426-01A,16
TCGA-44-6775-01A,16
TCGA-05-4420-01A,16
TCGA-55-8506-01A,16
TCGA-44-7672-01A,16
TCGA-86-8056-01A,16
TCGA-05-4422-01A,16
TCGA-75-7027-01A,16
TCGA-78-7535-01A,16
TCGA-50-8460-01A,16
TCGA-75-7031-01A,16
TCGA-L9-A444-01A,16
TCGA-86-7953-01A,16
TCGA-86-A4D0-01A,16
TCGA-44-6145-01A,16
TCGA-91-8496-01A,16
TCGA-69-A59K-01A,16
TCGA-44-3918-01A,16
TCGA-93-A4JQ-01A,16
TCGA-44-8117-01A,16
TCGA-50-5933-01A,16
TCGA-MN-A4N1-01A,16
TCGA-86-8669-01A,16
TCGA-55-6970-01A,16
TCGA-50-6594-01A,16
TCGA-86-8075-01A,16
TCGA-MP-A4TF-01A,16
TCGA-69-7760-01A,16
TCGA-78-7161-01A,16
TCGA-44-6148-01A,16
TCGA-91-6849-01A,16
TCGA-50-5049-01A,16
TCGA-99-7458-01A,16
TCGA-49-AARR-01A,16
TCGA-MP-A4TC-01A,16
TCGA-91-6847-01A,16
TCGA-93-A4JN-01A,16
TCGA-95-A4VP-01A,16
TCGA-86-8278-01A,16
TCGA-75-6203-01A,16
TCGA-49-6743-01A,16
TCGA-55-7574-01A,16
TCGA-86-7701-01A,16
TCGA-91-6831-01A,16
TCGA-55-7728-01A,16
TCGA-97-A4M0-01A,16
TCGA-44-5645-01A,16
TCGA-50-6593-01A,16
TCGA-86-6562-01A,16
TCGA-62-A46S-01A,16
TCGA-86-A4JF-01A,16
TCGA-78-7542-01A,16
TCGA-78-7148-01A,16
TCGA-91-A4BC-01A,16
TCGA-55-6712-01A,16
TCGA-4B-A93V-01A,16
TCGA-50-5936-01A,16
TCGA-86-8668-01A,16
TCGA-MP-A4TI-01A,16
TCGA-64-1678-01A,16
TCGA-64-1676-01A,16
TCGA-62-A46V-01A,16
TCGA-78-7167-01A,16
TCGA-78-7162-01A,16
TCGA-50-5931-01A,16
TCGA-75-6212-01A,16
TCGA-97-7546-01A,16
TCGA-44-5644-01A,16
TCGA-75-6211-01A,16
TCGA-MP-A4SW-01A,16
TCGA-78-7149-01A,16
TCGA-S2-AA1A-01A,16
TCGA-95-A4VN-01A,16
TCGA-05-4398-01A,16
TCGA-50-5930-01A,16
TCGA-71-8520-01A,16
TCGA-44-3396-01A,16
TCGA-L9-A443-01A,16
TCGA-64-5781-01A,16
TCGA-93-A4JO-01A,16
TCGA-MP-A4T7-01A,16
TCGA-49-AAR9-01A,16
TCGA-05-4249-01A,16
TCGA-44-7669-01A,16
TCGA-71-6725-01A,16
TCGA-73-7499-01A,16
TCGA-MP-A4TH-01A,16
TCGA-78-7156-01A,16
TCGA-75-5122-01A,16
TCGA-50-6595-01A,16
TCGA-50-7109-01A,16
TCGA-NJ-A55R-01A,16
TCGA-53-A4EZ-01A,16
TCGA-44-7667-01A,16
TCGA-NJ-A4YG-01A,16
TCGA-86-A456-01A,16
TCGA-MP-A4TJ-01A,16
TCGA-MP-A4SY-01A,16
TCGA-L9-A8F4-01A,16
TCGA-91-6828-01A,16
TCGA-MP-A4TA-01A,16
TCGA-86-7711-01A,16
TCGA-50-5045-01A,16
TCGA-05-4417-01A,16
TCGA-44-7660-01A,16
TCGA-L9-A743-01A,16
TCGA-55-A494-01A,16
TCGA-44-7662-01A,16
TCGA-55-7910-01A,16
TCGA-49-4506-01A,16
TCGA-NJ-A55A-01A,16
TCGA-86-8673-01A,16
TCGA-78-7153-01A,16
TCGA-97-A4M7-01A,16
TCGA-62-A46R-01A,16
TCGA-86-7713-01A,16
TCGA-86-8073-01A,16
TCGA-MN-A4N4-01A,16
TCGA-53-7626-01A,16
TCGA-62-A46O-01A,16
TCGA-44-A47G-01A,16
TCGA-55-6969-01A,16
TCGA-60-2698-01A,17
TCGA-33-4589-01A,17
TCGA-22-5471-01A,17
TCGA-21-1070-01A,17
TCGA-60-2710-01A,17
TCGA-43-7658-01A,17
TCGA-90-6837-01A,17
TCGA-33-4532-01A,17
TCGA-43-8115-01A,17
TCGA-43-A475-01A,17
TCGA-68-A59J-01A,17
TCGA-22-4605-01A,17
TCGA-L3-A524-01A,17
TCGA-63-A5MI-01A,17
TCGA-34-7107-01A,17
TCGA-56-A5DS-01A,17
TCGA-MF-A522-01A,17
TCGA-85-A4QQ-01A,17
TCGA-63-A5MJ-01A,17
TCGA-63-A5MM-01A,17
TCGA-79-5596-01A,17
TCGA-66-2777-01A,17
TCGA-85-A4CL-01A,17
TCGA-66-2769-01A,17
TCGA-21-1079-01A,17
TCGA-33-AASJ-01A,17
TCGA-63-A5MB-01A,17
TCGA-37-A5EN-01A,17
TCGA-34-5927-01A,17
TCGA-39-5011-01A,17
TCGA-39-5022-01A,17
TCGA-63-6202-01A,17
TCGA-60-2724-01A,17
TCGA-85-8353-01A,17
TCGA-58-8391-01A,17
TCGA-NC-A5HK-01A,17
TCGA-85-6798-01A,17
TCGA-56-8083-01A,17
TCGA-37-4133-01A,17
TCGA-22-A5C4-01A,17
TCGA-34-2608-01A,17
TCGA-LA-A7SW-01A,17
TCGA-63-7021-01A,17
TCGA-21-1082-01A,17
TCGA-52-7811-01A,17
TCGA-85-7844-01A,17
TCGA-58-8386-01A,17
TCGA-22-1011-01A,17
TCGA-85-A4JB-01A,17
TCGA-NK-A5CR-01A,17
TCGA-22-4607-01A,17
TCGA-94-8035-01A,17
TCGA-34-5234-01A,17
TCGA-85-8666-01A,17
TCGA-56-7222-01A,17
TCGA-NC-A5HO-01A,17
TCGA-22-5480-01A,17
TCGA-85-8287-01A,17
TCGA-NC-A5HP-01A,17
TCGA-NC-A5HT-01A,17
TCGA-63-A5MV-01A,17
TCGA-66-2794-01A,17
TCGA-33-A5GW-01A,17
TCGA-52-7810-01A,17
TCGA-21-5786-01A,17
TCGA-77-A5GH-01A,17
TCGA-90-A4EE-01A,17
TCGA-98-7454-01A,17
TCGA-94-8491-01A,17
TCGA-60-2713-01A,17
TCGA-21-1083-01A,17
TCGA-18-5595-01A,17
TCGA-56-6546-01A,17
TCGA-60-2711-01A,17
TCGA-94-A5I4-01A,17
TCGA-51-6867-01A,17
TCGA-33-AASD-01A,17
TCGA-85-7696-01A,17
TCGA-22-5478-01A,17
TCGA-22-5492-01A,17
TCGA-90-A4ED-01A,17
TCGA-18-4721-01A,17
TCGA-85-8355-01A,17
TCGA-96-7544-01A,17
TCGA-18-5592-01A,17
TCGA-37-4129-01A,17
TCGA-63-A5MY-01A,17
TCGA-63-A5MN-01A,17
TCGA-66-2770-01A,17
TCGA-66-2768-01A,17
TCGA-60-2726-01A,17
TCGA-66-2790-01A,17
TCGA-85-A4QR-01A,17
TCGA-77-7465-01A,17
TCGA-33-4566-01A,17
TCGA-22-5477-01A,17
TCGA-77-6844-01A,17
TCGA-85-6561-01A,17
TCGA-90-7767-01A,17
TCGA-63-A5MT-01A,17
TCGA-77-A5G3-01A,17
TCGA-39-5037-01A,17
TCGA-63-A5MS-01A,17
TCGA-60-2725-01A,17
TCGA-77-A5G1-01A,17
TCGA-85-7843-01A,17
TCGA-77-A5GF-01A,17
TCGA-98-A53B-01A,17
TCGA-22-4609-01A,17
TCGA-85-A4JC-01A,17
TCGA-85-8580-01A,17
TCGA-94-A5I6-01A,17
TCGA-77-6842-01A,17
TCGA-NC-A5HF-01A,17
TCGA-33-A4WN-01A,17
TCGA-34-8456-01A,17
TCGA-85-8479-01A,17
TCGA-43-5670-01A,17
TCGA-85-6560-01A,17
TCGA-85-A50Z-01A,17
TCGA-85-8048-01A,17
TCGA-56-7730-01A,17
TCGA-O2-A52Q-01A,17
TCGA-85-8350-01A,17
TCGA-85-7710-01A,17
TCGA-85-A512-01A,17
TCGA-56-6545-01A,17
TCGA-77-8143-01A,17
TCGA-66-2785-01A,17
TCGA-98-A53A-01A,17
TCGA-63-5128-01A,17
TCGA-39-5040-01A,17
TCGA-58-A46M-01A,17
TCGA-85-8049-01A,17
TCGA-85-7950-01A,17
TCGA-70-6722-01A,17
TCGA-22-5479-01A,17
TCGA-60-2695-01A,17
TCGA-43-5668-01A,17
TCGA-43-2578-01A,17
TCGA-60-2721-01A,17
TCGA-21-1081-01A,17
TCGA-60-2714-01A,17
TCGA-22-5489-01A,17
TCGA-46-6025-01A,17
TCGA-43-6770-01A,17
TCGA-21-1078-01A,17
TCGA-94-7033-01A,17
TCGA-94-7557-01A,17
TCGA-60-2697-01A,17
TCGA-63-A5MP-01A,17
TCGA-85-A513-01A,17
TCGA-98-A53C-01A,17
TCGA-85-A511-01A,17
TCGA-22-0940-01A,17
TCGA-39-5019-01A,17
TCGA-39-5021-01A,17
TCGA-77-8150-01A,17
TCGA-56-8309-01A,17
TCGA-34-5929-01A,17
TCGA-LA-A446-01A,17
TCGA-85-A53L-01A,17
TCGA-98-A53H-01A,17
TCGA-NC-A5HI-01A,17
TCGA-43-8118-01A,17
TCGA-77-A5FZ-01A,17
TCGA-O2-A5IB-01A,17
TCGA-NK-A7XE-01A,17
TCGA-66-2766-01A,17
TCGA-37-3792-01A,17
TCGA-58-8388-01A,17
TCGA-22-4596-01A,17
TCGA-37-A5EL-01A,17
TCGA-NC-A5HR-01A,17
TCGA-33-AASI-01A,17
TCGA-63-5131-01A,17
TCGA-NC-A5HM-01A,17
TCGA-34-5231-01A,17
TCGA-56-5898-01A,17
TCGA-34-5241-01A,17
TCGA-98-A538-01A,17
TCGA-77-A5G6-01A,17
TCGA-22-4591-01A,17
TCGA-34-5232-01A,17
TCGA-22-5482-01A,17
TCGA-66-2773-01A,17
TCGA-77-6845-01A,17
TCGA-34-8454-01A,17
TCGA-63-A5MG-01A,17
TCGA-33-4582-01A,17
TCGA-NC-A5HJ-01A,17
TCGA-85-7699-01A,17
TCGA-O2-A52N-01A,17
TCGA-96-A4JL-01A,17
TCGA-58-8393-01A,17
TCGA-68-A59I-01A,17
TCGA-21-1076-01A,17
TCGA-94-A4VJ-01A,17
TCGA-77-7463-01A,17
TCGA-22-5485-01A,17
TCGA-34-5236-01A,17
TCGA-63-7023-01A,17
TCGA-77-7142-01A,17
TCGA-33-4586-01A,17
TCGA-33-4547-01A,17
TCGA-58-8392-01A,17
TCGA-77-7141-01A,17
TCGA-22-5491-01A,17
TCGA-77-8154-01A,17
TCGA-66-2727-01A,17
TCGA-21-1072-01A,17
TCGA-85-A4PA-01A,17
TCGA-94-8490-01A,17
TCGA-34-2596-01A,17
TCGA-90-A59Q-01A,17
TCGA-90-7769-01A,17
TCGA-63-A5MU-01A,17
TCGA-92-7340-01A,17
TCGA-22-5483-01A,17
TCGA-60-2706-01A,17
TCGA-77-6843-01A,17
TCGA-43-A56V-01A,17
TCGA-33-6738-01A,17
TCGA-66-2781-01A,17
TCGA-77-7337-01A,17
TCGA-21-5782-01A,17
TCGA-66-2788-01A,17
TCGA-37-3789-01A,17
TCGA-56-A4BX-01A,17
TCGA-85-8664-01A,17
TCGA-58-A46N-01A,17
TCGA-77-7139-01A,17
TCGA-22-5473-01A,17
TCGA-NC-A5HD-01A,17
TCGA-22-5472-01A,17
TCGA-22-1000-01A,17
TCGA-33-6737-01A,17
TCGA-43-A474-01A,17
TCGA-94-7943-01A,17
TCGA-90-7766-01A,17
TCGA-34-5928-01A,17
TCGA-58-A46K-01A,17
TCGA-60-2696-01A,17
TCGA-96-A4JK-01A,17
TCGA-98-A53J-01A,17
TCGA-85-8072-01A,17
TCGA-39-5027-01A,17
TCGA-63-7022-01A,17
TCGA-22-5474-01A,17
TCGA-34-8455-01A,17
TCGA-66-2791-01A,17
TCGA-43-3394-01A,17
TCGA-85-8288-01A,17
TCGA-O2-A52V-01A,17
TCGA-39-5016-01A,17
TCGA-39-5035-01A,17
TCGA-63-7020-01A,17
TCGA-21-1071-01A,17
TCGA-34-A5IX-01A,17
TCGA-43-2581-01A,17
TCGA-98-A539-01A,17
TCGA-66-2800-01A,17
TCGA-34-5239-01A,17
TCGA-60-2703-01A,17
TCGA-39-5024-01A,17
TCGA-33-AASB-01A,17
TCGA-77-7338-01A,17
TCGA-85-8352-01A,17
TCGA-70-6723-01A,17
TCGA-37-A5EM-01A,17
TCGA-66-2767-01A,17
TCGA-58-A46L-01A,17
TCGA-37-4135-01A,17
TCGA-60-2708-01A,17
TCGA-85-6175-01A,17
TCGA-39-5029-01A,17
TCGA-60-2720-01A,17
TCGA-77-8153-01A,17
TCGA-66-2737-01A,17
TCGA-60-2709-01A,17
TCGA-21-5784-01A,17
TCGA-60-2704-01A,17
TCGA-NC-A5HQ-01A,17
TCGA-37-4141-01A,17
TCGA-60-2719-01A,17
TCGA-85-A4CN-01A,17
TCGA-NC-A5HL-01A,17
TCGA-37-5819-01A,17
TCGA-60-2716-01A,17
TCGA-52-7812-01A,17
TCGA-39-5030-01A,17
TCGA-66-2782-01A,17
TCGA-85-7698-01A,17
TCGA-43-7656-01A,17
TCGA-39-5031-01A,17
TCGA-66-2778-01A,17
TCGA-43-6771-01A,17
TCGA-43-6143-01A,17
TCGA-77-7335-01A,17
TCGA-85-8276-01A,17
TCGA-39-5034-01A,17
TCGA-56-5897-01A,17
TCGA-85-A510-01A,17
TCGA-21-1080-01A,17
TCGA-68-7756-01A,17
TCGA-21-5787-01A,17
TCGA-85-8351-01A,17
TCGA-85-7697-01A,17
TCGA-85-A5B5-01A,17
TCGA-NC-A5HE-01A,17
TCGA-66-2795-01A,17
TCGA-66-2783-01A,17
TCGA-L3-A4E7-01A,17
TCGA-66-2758-01A,17
TCGA-58-A46J-01A,17
TCGA-39-5028-01A,17
TCGA-63-A5ML-01A,17
TCGA-46-6026-01A,17
TCGA-NC-A5HN-01A,17
TCGA-NK-A5CT-01A,17
TCGA-21-1075-01A,17
TCGA-60-2712-01A,17
TCGA-56-7221-01A,17
TCGA-21-A5DI-01A,17
TCGA-3H-AB3L-01A,18
TCGA-3U-A98G-01A,18
TCGA-3H-AB3U-01A,18
TCGA-SH-A9CU-01A,18
TCGA-MQ-A4LJ-01A,18
TCGA-SH-A9CT-01A,18
TCGA-TS-A8AV-01A,18
TCGA-TS-A7PB-01A,18
TCGA-ZN-A9VV-01A,18
TCGA-ZN-A9VQ-01A,18
TCGA-3U-A98D-01A,18
TCGA-SH-A7BC-01A,18
TCGA-LK-A4NZ-01A,18
TCGA-3H-AB3K-01A,18
TCGA-MQ-A4LP-01A,18
TCGA-3U-A98I-01A,18
TCGA-XT-AASU-01A,18
TCGA-UD-AABY-01A,18
TCGA-LK-A4O0-01A,18
TCGA-TS-A7P1-01A,18
TCGA-SC-AA5Z-01A,18
TCGA-UD-AAC1-01A,18
TCGA-SC-A6LM-01A,18
TCGA-YS-A95C-01A,18
TCGA-TS-A7OZ-01A,18
TCGA-LK-A4NY-01A,18
TCGA-UD-AAC7-01A,18
TCGA-TS-A8AY-01A,18
TCGA-LK-A4O7-01A,18
TCGA-TS-A7P3-01A,18
TCGA-SC-A6LQ-01A,18
TCGA-UD-AAC4-01A,18
TCGA-ZN-A9VW-01A,18
TCGA-TS-A7OU-01B,18
TCGA-YS-A95B-01A,18
TCGA-TS-A8AI-01A,18
TCGA-MQ-A4KX-01A,18
TCGA-LK-A4O2-01A,18
TCGA-UD-AAC6-01A,18
TCGA-LK-A4O5-01A,18
TCGA-3H-AB3S-01A,18
TCGA-LK-A4NW-01A,18
TCGA-SC-A6LN-01A,18
TCGA-MQ-A6BS-01A,18
TCGA-3H-AB3T-01A,18
TCGA-MQ-A4LI-01A,18
TCGA-TS-A7P8-01A,18
TCGA-MQ-A4LV-01A,18
TCGA-3H-AB3O-01A,18
TCGA-3U-A98F-01A,18
TCGA-LK-A4O4-01A,18
TCGA-TS-A7OY-01A,18
TCGA-3U-A98H-01A,18
TCGA-3U-A98J-01A,18
TCGA-UD-AABZ-01A,18
TCGA-TS-A8AF-01A,18
TCGA-LK-A4O6-01A,18
TCGA-3U-A98E-01A,18
TCGA-TS-A7P0-01A,18
TCGA-3H-AB3M-01A,18
TCGA-TS-A7P7-01A,18
TCGA-UT-A97Y-01A,18
TCGA-24-1104-01A,19
TCGA-25-1320-01A,19
TCGA-24-1850-01A,19
TCGA-61-2101-01A,19
TCGA-23-1111-01A,19
TCGA-25-2396-01A,19
TCGA-59-2351-01A,19
TCGA-24-1431-01A,19
TCGA-31-1951-01A,19
TCGA-13-0916-01A,19
TCGA-61-1721-01A,19
TCGA-61-2008-02A,19
TCGA-20-1687-01A,19
TCGA-29-2414-01A,19
TCGA-29-2414-02A,19
TCGA-13-1411-01A,19
TCGA-57-1586-01A,19
TCGA-09-2044-01B,19
TCGA-13-1506-01A,19
TCGA-30-1892-01A,19
TCGA-09-2056-01B,19
TCGA-29-1781-01A,19
TCGA-29-1699-01A,19
TCGA-29-1707-02A,19
TCGA-59-2363-01A,19
TCGA-24-1416-01A,19
TCGA-20-1686-01A,19
TCGA-29-1697-01A,19
TCGA-29-1770-01A,19
TCGA-29-2428-01A,19
TCGA-24-2293-01A,19
TCGA-25-1635-01A,19
TCGA-25-2409-01A,19
TCGA-29-1710-01A,19
TCGA-61-2095-01A,19
TCGA-13-1489-02A,19
TCGA-13-1489-01A,19
TCGA-29-2425-01A,19
TCGA-04-1648-01A,19
TCGA-13-1409-01A,19
TCGA-OY-A56Q-01A,19
TCGA-24-1471-01A,19
TCGA-29-1688-01A,19
TCGA-61-1724-01A,19
TCGA-25-1628-01A,19
TCGA-13-1405-01A,19
TCGA-24-2024-01A,19
TCGA-24-1422-01A,19
TCGA-61-1740-01A,19
TCGA-13-0891-01A,19
TCGA-61-1733-01A,19
TCGA-13-0720-01A,19
TCGA-29-1698-01A,19
TCGA-24-2288-01A,19
TCGA-25-1630-01A,19
TCGA-24-1567-01A,19
TCGA-04-1517-01A,19
TCGA-29-1778-01A,19
TCGA-24-2023-01A,19
TCGA-13-0725-01A,19
TCGA-24-1555-01A,19
TCGA-13-1507-01A,19
TCGA-24-1419-01A,19
TCGA-09-1670-01A,19
TCGA-24-2281-01A,19
TCGA-24-1548-01A,19
TCGA-24-1552-01A,19
TCGA-24-1930-01A,19
TCGA-10-0936-01A,19
TCGA-61-2102-01A,19
TCGA-59-2352-01A,19
TCGA-61-1910-01A,19
TCGA-13-1512-01A,19
TCGA-29-1768-01A,19
TCGA-13-0897-01A,19
TCGA-13-0804-01A,19
TCGA-13-0920-01A,19
TCGA-25-2042-01A,19
TCGA-13-1505-01A,19
TCGA-24-1849-01A,19
TCGA-04-1341-01A,19
TCGA-24-2254-01A,19
TCGA-13-1488-01A,19
TCGA-61-2094-01A,19
TCGA-20-1683-01A,19
TCGA-29-1703-01A,19
TCGA-04-1343-01A,19
TCGA-25-1627-01A,19
TCGA-61-1919-01A,19
TCGA-24-1565-01A,19
TCGA-31-1946-01A,19
TCGA-29-1774-01A,19
TCGA-36-1577-01A,19
TCGA-24-2261-01A,19
TCGA-23-2077-01A,19
TCGA-36-1581-01A,19
TCGA-13-1482-01A,19
TCGA-04-1357-01A,19
TCGA-04-1651-01A,19
TCGA-24-1557-01A,19
TCGA-24-1562-01A,19
TCGA-24-2289-01A,19
TCGA-29-1777-01A,19
TCGA-04-1542-01A,19
TCGA-24-1556-01A,19
TCGA-24-1427-01A,19
TCGA-13-0797-01A,19
TCGA-29-1694-01A,19
TCGA-36-1571-01A,19
TCGA-25-1318-01A,19
TCGA-25-1633-01A,19
TCGA-13-2060-01A,19
TCGA-29-1785-01A,19
TCGA-61-2088-01A,19
TCGA-24-1430-01A,19
TCGA-24-1549-01A,19
TCGA-24-1467-01A,19
TCGA-25-2401-01A,19
TCGA-24-1464-01A,19
TCGA-31-1950-01A,19
TCGA-24-1434-01A,19
TCGA-24-1616-01A,19
TCGA-09-1666-01A,19
TCGA-24-1846-01A,19
TCGA-24-1436-01A,19
TCGA-13-1408-01A,19
TCGA-24-2033-01A,19
TCGA-24-1845-01A,19
TCGA-24-1560-01A,19
TCGA-5X-AA5U-01A,19
TCGA-25-2393-01A,19
TCGA-25-1322-01A,19
TCGA-61-2009-01A,19
TCGA-13-1481-01A,19
TCGA-13-0799-01A,19
TCGA-13-1487-01A,19
TCGA-24-1564-01A,19
TCGA-61-2109-01A,19
TCGA-59-2354-01A,19
TCGA-10-0926-01A,19
TCGA-04-1519-01A,19
TCGA-24-2020-01A,19
TCGA-3P-A9WA-01A,19
TCGA-04-1348-01A,19
TCGA-13-0906-01A,19
TCGA-30-1860-01A,19
TCGA-36-1569-01A,19
TCGA-25-1319-01A,19
TCGA-29-1776-01A,19
TCGA-24-2271-01A,19
TCGA-23-1109-01A,19
TCGA-61-2092-01A,19
TCGA-13-0800-01A,19
TCGA-24-1924-01A,19
TCGA-24-1563-01A,19
TCGA-29-1761-01A,19
TCGA-24-1423-01A,19
TCGA-09-2045-01A,19
TCGA-24-0979-01A,19
TCGA-25-1314-01A,19
TCGA-29-1702-01A,19
TCGA-13-0887-01A,19
TCGA-61-1741-01A,19
TCGA-09-1674-01A,19
TCGA-61-2012-01A,19
TCGA-29-1695-01A,19
TCGA-23-2081-01A,19
TCGA-25-2397-01A,19
TCGA-13-1501-01A,19
TCGA-24-1604-01A,19
TCGA-25-1626-01A,19
TCGA-13-0888-01A,19
TCGA-25-1631-01A,19
TCGA-25-1321-01A,19
TCGA-29-1690-01A,19
TCGA-13-1511-01A,19
TCGA-25-1328-01A,19
TCGA-09-1662-01A,19
TCGA-13-0911-01A,19
TCGA-10-0933-01A,19
TCGA-61-2111-01A,19
TCGA-29-1696-01A,19
TCGA-25-1329-01A,19
TCGA-23-1110-01A,19
TCGA-20-1684-01A,19
TCGA-24-1428-01A,19
TCGA-13-1410-01A,19
TCGA-23-2078-01A,19
TCGA-13-1496-01A,19
TCGA-36-1578-01A,19
TCGA-61-1995-01A,19
TCGA-61-1900-01A,19
TCGA-24-2290-01A,19
TCGA-24-2267-01A,19
TCGA-13-1477-01A,19
TCGA-25-1326-01A,19
TCGA-61-1911-01A,19
TCGA-24-1103-01A,19
TCGA-09-2051-01A,19
TCGA-25-2399-01A,19
TCGA-24-2038-01A,19
TCGA-29-A5NZ-01A,19
TCGA-24-1544-01A,19
TCGA-30-1718-01A,19
TCGA-13-0801-01A,19
TCGA-29-1766-01A,19
TCGA-13-1499-01A,19
TCGA-29-1701-01A,19
TCGA-24-1470-01A,19
TCGA-09-2054-01A,19
TCGA-24-1558-01A,19
TCGA-24-1923-01A,19
TCGA-24-1463-01A,19
TCGA-13-1404-01A,19
TCGA-04-1338-01A,19
TCGA-61-1918-01A,19
TCGA-29-1705-02A,19
TCGA-25-1313-01A,19
TCGA-VG-A8LO-01A,19
TCGA-24-2027-01A,19
TCGA-25-2400-01A,19
TCGA-24-1435-01A,19
TCGA-29-2427-01A,19
TCGA-24-2036-01A,19
TCGA-24-1546-01A,19
TCGA-29-1705-01A,19
TCGA-04-1514-01A,19
TCGA-59-A5PD-01A,19
TCGA-61-1736-01B,19
TCGA-24-0982-01A,19
TCGA-59-2348-01A,19
TCGA-24-1553-01A,19
TCGA-36-1580-01A,19
TCGA-13-1495-01A,19
TCGA-24-1603-01A,19
TCGA-WR-A838-01A,19
TCGA-OY-A56P-01A,19
TCGA-24-0966-01A,19
TCGA-09-1673-01A,19
TCGA-61-1743-01A,19
TCGA-13-0913-01A,19
TCGA-13-0913-02A,19
TCGA-24-2298-01A,19
TCGA-61-2008-01A,19
TCGA-29-1691-01A,19
TCGA-61-2098-01A,19
TCGA-04-1356-01A,19
TCGA-61-2003-01A,19
TCGA-24-2026-01A,19
TCGA-25-2398-01A,19
TCGA-24-1844-01A,19
TCGA-25-1315-01A,19
TCGA-09-1665-01B,19
TCGA-29-1693-01A,19
TCGA-61-2113-01A,19
TCGA-30-1891-01A,19
TCGA-24-1551-01A,19
TCGA-10-0931-01A,19
TCGA-25-1625-01A,19
TCGA-30-1855-01A,19
TCGA-24-1545-01A,19
TCGA-24-1474-01A,19
TCGA-13-0884-01B,19
TCGA-24-1417-01A,19
TCGA-13-1498-01A,19
TCGA-29-1783-01A,19
TCGA-36-1570-01A,19
TCGA-23-1809-01A,19
TCGA-24-1842-01A,19
TCGA-25-1312-01A,19
TCGA-29-1711-01A,19
TCGA-24-1469-01A,19
TCGA-61-1914-01A,19
TCGA-25-2391-01A,19
TCGA-24-1424-01A,19
TCGA-24-1550-01A,19
TCGA-61-2000-01A,19
TCGA-61-2104-01A,19
TCGA-23-1122-01A,19
TCGA-36-1575-01A,19
TCGA-13-0899-01A,19
TCGA-29-1762-01A,19
TCGA-23-1123-01A,19
TCGA-31-1944-01A,19
TCGA-30-1861-01A,19
TCGA-24-0970-01B,19
TCGA-20-1682-01A,19
TCGA-13-A5FT-01A,19
TCGA-61-1907-01A,19
TCGA-25-1316-01A,19
TCGA-13-1492-01A,19
TCGA-24-1105-01A,19
TCGA-13-1509-01A,19
TCGA-04-1362-01A,19
TCGA-24-2297-01A,19
TCGA-13-1483-01A,19
TCGA-04-1361-01A,19
TCGA-25-1632-01A,19
TCGA-25-2404-01A,19
TCGA-25-1323-01A,19
TCGA-13-0886-01A,19
TCGA-24-2262-01A,19
TCGA-36-1568-01A,19
TCGA-20-1685-01A,19
TCGA-61-1738-01A,19
TCGA-25-1623-01A,19
TCGA-3A-A9IU-01A,20
TCGA-FB-A545-01A,20
TCGA-HZ-8638-01A,20
TCGA-F2-6880-01A,20
TCGA-M8-A5N4-01A,20
TCGA-IB-AAUN-01A,20
TCGA-IB-AAUW-01A,20
TCGA-IB-7888-01A,20
TCGA-2L-AAQA-01A,20
TCGA-RB-A7B8-01A,20
TCGA-2L-AAQM-01A,20
TCGA-IB-7889-01A,20
TCGA-IB-A6UF-01A,20
TCGA-F2-A8YN-01A,20
TCGA-YH-A8SY-01A,20
TCGA-HZ-A4BK-01A,20
TCGA-Z5-AAPL-01A,20
TCGA-H6-A45N-01A,20
TCGA-Q3-A5QY-01A,20
TCGA-F2-A44G-01A,20
TCGA-HZ-8005-01A,20
TCGA-HZ-8001-01A,20
TCGA-LB-A7SX-01A,20
TCGA-HV-A5A6-01A,20
TCGA-HZ-8003-01A,20
TCGA-IB-AAUS-01A,20
TCGA-US-A77E-01A,20
TCGA-IB-7890-01A,20
TCGA-LB-A9Q5-01A,20
TCGA-IB-7644-01A,20
TCGA-HZ-7920-01A,20
TCGA-IB-7647-01A,20
TCGA-IB-A5SS-01A,20
TCGA-S4-A8RO-01A,20
TCGA-IB-A5ST-01A,20
TCGA-HZ-7918-01A,20
TCGA-HZ-7923-01A,20
TCGA-XD-AAUI-01A,20
TCGA-IB-AAUO-01A,20
TCGA-PZ-A5RE-01A,20
TCGA-2J-AABA-01A,20
TCGA-3A-A9IZ-01A,20
TCGA-XD-AAUL-01A,20
TCGA-IB-7886-01A,20
TCGA-S4-A8RM-01A,20
TCGA-IB-AAUU-01A,20
TCGA-IB-7885-01A,20
TCGA-2J-AABO-01A,20
TCGA-US-A77G-01A,20
TCGA-HZ-7919-01A,20
TCGA-IB-7651-01A,20
TCGA-HZ-8315-01A,20
TCGA-2L-AAQL-01A,20
TCGA-IB-7893-01A,20
TCGA-IB-AAUP-01A,20
TCGA-HZ-7924-01A,20
TCGA-F2-6879-01A,20
TCGA-FB-A4P6-01A,20
TCGA-3A-A9IX-01A,20
TCGA-FB-A4P5-01A,20
TCGA-3E-AAAZ-01A,20
TCGA-L1-A7W4-01A,20
TCGA-2L-AAQI-01A,20
TCGA-3A-A9I5-01A,20
TCGA-YB-A89D-01A,20
TCGA-2J-AABH-01A,20
TCGA-IB-7646-01A,20
TCGA-US-A776-01A,20
TCGA-IB-A5SO-01A,20
TCGA-RB-AA9M-01A,20
TCGA-IB-A5SP-01A,20
TCGA-IB-7654-01A,20
TCGA-3A-A9IN-01A,20
TCGA-IB-AAUV-01A,20
TCGA-FB-AAPP-01A,20
TCGA-IB-A7LX-01A,20
TCGA-IB-A7M4-01A,20
TCGA-US-A779-01A,20
TCGA-FB-AAQ6-01A,20
TCGA-2J-AABK-01A,20
TCGA-HZ-8519-01A,20
TCGA-IB-AAUM-01A,20
TCGA-H8-A6C1-01A,20
TCGA-FB-A78T-01A,20
TCGA-IB-8126-01A,20
TCGA-Q3-AA2A-01A,20
TCGA-HZ-8002-01A,20
TCGA-IB-A5SQ-01A,20
TCGA-FB-A5VM-01A,20
TCGA-2J-AABR-01A,20
TCGA-US-A77J-01A,20
TCGA-XN-A8T5-01A,20
TCGA-IB-8127-01A,20
TCGA-3A-A9IH-01A,20
TCGA-IB-7891-01A,20
TCGA-HZ-7925-01A,20
TCGA-2L-AAQJ-01A,20
TCGA-IB-7887-01A,20
TCGA-FB-AAQ1-01A,20
TCGA-S4-A8RP-01A,20
TCGA-FB-AAPQ-01A,20
TCGA-YY-A8LH-01A,20
TCGA-FB-AAPZ-01A,20
TCGA-LB-A8F3-01A,20
TCGA-2J-AABF-01A,20
TCGA-XD-AAUH-01A,20
TCGA-2J-AAB9-01A,20
TCGA-OE-A75W-01A,20
TCGA-2J-AAB4-01A,20
TCGA-IB-7652-01A,20
TCGA-IB-7649-01A,20
TCGA-2J-AAB8-01A,20
TCGA-3A-A9IB-01A,20
TCGA-PR-A5PG-01A,21
TCGA-RW-A67X-01A,21
TCGA-RW-A68C-01A,21
TCGA-P8-A5KC-01A,21
TCGA-WB-A815-01A,21
TCGA-S7-A7WR-01A,21
TCGA-S7-A7WN-01A,21
TCGA-SR-A6MX-01A,21
TCGA-SR-A6MX-06A,21
TCGA-QR-A6H2-01A,21
TCGA-RM-A68T-01A,21
TCGA-RW-A68G-01A,21
TCGA-QT-A5XJ-01A,21
TCGA-WB-A81G-01A,21
TCGA-S7-A7WU-01A,21
TCGA-QT-A5XL-01A,21
TCGA-S7-A7X1-01A,21
TCGA-RT-A6Y9-01A,21
TCGA-RW-A8AZ-01A,21
TCGA-S7-A7WM-01A,21
TCGA-RW-A688-01A,21
TCGA-RT-A6YA-01A,21
TCGA-RX-A8JQ-01A,21
TCGA-WB-A81S-01A,21
TCGA-TT-A6YN-01A,21
TCGA-S7-A7WP-01A,21
TCGA-SA-A6C2-01A,21
TCGA-P8-A6RX-01A,21
TCGA-QT-A5XP-01A,21
TCGA-QT-A5XN-01A,21
TCGA-RW-A686-06A,21
TCGA-S7-A7WX-01A,21
TCGA-S7-A7WQ-01A,21
TCGA-W2-A7HF-01A,21
TCGA-RM-A68W-01A,21
TCGA-P8-A5KD-01A,21
TCGA-RW-A680-01A,21
TCGA-WB-A817-01A,21
TCGA-SR-A6MX-05A,21
TCGA-P8-A6RY-01A,21
TCGA-QT-A5XM-01A,21
TCGA-QT-A5XO-01A,21
TCGA-WB-A80Q-01A,21
TCGA-WB-A81V-01A,21
TCGA-QR-A6GO-01A,21
TCGA-RT-A6YC-01A,21
TCGA-S7-A7WW-01A,21
TCGA-SR-A6MZ-01A,21
TCGA-WB-A818-01A,21
TCGA-QR-A6GU-01A,21
TCGA-W2-A7HC-01A,21
TCGA-QR-A6GZ-01A,21
TCGA-P7-A5NX-01A,21
TCGA-SR-A6MQ-01A,21
TCGA-S7-A7X2-01A,21
TCGA-PR-A5PH-01A,21
TCGA-S7-A7X0-01A,21
TCGA-S7-A7WV-01A,21
TCGA-S7-A7WL-01A,21
TCGA-RW-A685-01A,21
TCGA-RW-A68D-01A,21
TCGA-WB-A81T-01A,21
TCGA-WB-A814-01A,21
TCGA-QT-A5XK-01A,21
TCGA-QT-A69Q-01A,21
TCGA-PR-A5PF-01A,21
TCGA-RW-A68B-01A,21
TCGA-WB-A819-01A,21
TCGA-RW-A689-01A,21
TCGA-WB-A81M-01A,21
TCGA-RW-A68A-01A,21
TCGA-SP-A6QJ-01A,21
TCGA-RW-A681-01A,21
TCGA-WB-A81W-01A,21
TCGA-WB-A81P-01A,21
TCGA-RW-A67V-01A,21
TCGA-QR-A70W-01A,21
TCGA-QT-A7U0-01A,21
TCGA-RW-A68F-01A,21
TCGA-SP-A6QH-01A,21
TCGA-QR-A6GT-01A,21
TCGA-SR-A6MY-01A,21
TCGA-G9-A9S7-01A,22
TCGA-YL-A8SA-01A,22
TCGA-FC-7708-01A,22
TCGA-G9-6364-01A,22
TCGA-EJ-7328-01A,22
TCGA-M7-A722-01A,22
TCGA-HC-7748-01A,22
TCGA-YL-A8SL-01B,22
TCGA-EJ-5542-01A,22
TCGA-J9-A52C-01A,22
TCGA-EJ-7312-01B,22
TCGA-EJ-8470-01A,22
TCGA-EJ-7315-01A,22
TCGA-ZG-A9N3-01A,22
TCGA-FC-A4JI-01A,22
TCGA-J4-A67T-01A,22
TCGA-YL-A8HK-01A,22
TCGA-CH-5737-01A,22
TCGA-EJ-7784-01A,22
TCGA-ZG-A9L0-01A,22
TCGA-EJ-7325-01B,22
TCGA-ZG-A9LY-01A,22
TCGA-4L-AA1F-01A,22
TCGA-KK-A59Y-01A,22
TCGA-2A-A8W3-01A,22
TCGA-X4-A8KQ-01A,22
TCGA-XA-A8JR-01A,22
TCGA-YL-A9WI-01A,22
TCGA-EJ-7789-01A,22
TCGA-EJ-7785-01A,22
TCGA-HC-7213-01A,22
TCGA-CH-5753-01A,22
TCGA-EJ-A65E-01A,22
TCGA-YL-A8SC-01A,22
TCGA-V1-A9ZR-01A,22
TCGA-TK-A8OK-01A,22
TCGA-J9-A8CP-01A,22
TCGA-M7-A71Z-01A,22
TCGA-EJ-5502-01A,22
TCGA-J4-A83I-01A,22
TCGA-YL-A8HJ-01A,22
TCGA-ZG-A9LU-01A,22
TCGA-KK-A8ID-01A,22
TCGA-EJ-7792-01A,22
TCGA-HC-7079-01A,22
TCGA-V1-A9OT-01A,22
TCGA-EJ-5522-01A,22
TCGA-J9-A52E-01A,22
TCGA-KK-A8IF-01A,22
TCGA-2A-A8VL-01A,22
TCGA-EJ-5510-01A,22
TCGA-EJ-5517-01A,22
TCGA-KK-A5A1-01A,22
TCGA-KC-A4BR-01A,22
TCGA-CH-5738-01A,22
TCGA-HC-7210-01A,22
TCGA-EJ-7318-01B,22
TCGA-EJ-A46E-01A,22
TCGA-EJ-5505-01A,22
TCGA-CH-5743-01A,22
TCGA-HI-7168-01A,22
TCGA-EJ-5515-01A,22
TCGA-EJ-5518-01A,22
TCGA-G9-6338-01A,22
TCGA-EJ-7781-01A,22
TCGA-KK-A7AU-01A,22
TCGA-KC-A7FA-01A,22
TCGA-2A-AAYF-01A,22
TCGA-VP-A87K-01A,22
TCGA-EJ-5516-01A,22
TCGA-KK-A8I8-01A,22
TCGA-CH-5771-01A,22
TCGA-EJ-A6RA-01A,22
TCGA-V1-A9ZI-01A,22
TCGA-M7-A720-01A,22
TCGA-HC-7081-01A,22
TCGA-KK-A7B4-01A,22
TCGA-VP-A87J-01A,22
TCGA-KK-A6E2-01A,22
TCGA-EJ-5507-01A,22
TCGA-VP-A878-01A,22
TCGA-J4-A67M-01A,22
TCGA-HI-7170-01A,22
TCGA-M7-A721-01A,22
TCGA-CH-5739-01A,22
TCGA-EJ-A65F-01A,22
TCGA-KK-A7B0-01A,22
TCGA-HC-8264-01B,22
TCGA-H9-A6BY-01A,22
TCGA-KC-A7FD-01A,22
TCGA-KK-A8IH-01A,22
TCGA-KK-A6E8-01A,22
TCGA-HC-7740-01A,22
TCGA-EJ-A65D-01A,22
TCGA-HC-7077-01A,22
TCGA-KK-A8IJ-01A,22
TCGA-EJ-5495-01A,22
TCGA-TP-A8TT-01A,22
TCGA-CH-5769-01A,22
TCGA-KK-A7B3-01A,22
TCGA-2A-AAYU-01A,22
TCGA-EJ-5503-01A,22
TCGA-WW-A8ZI-01A,22
TCGA-CH-5745-01A,22
TCGA-ZG-A8QX-01A,22
TCGA-EJ-7125-01A,22
TCGA-YL-A8S9-01A,22
TCGA-EJ-7331-01A,22
TCGA-G9-6347-01A,22
TCGA-CH-5741-01A,22
TCGA-EJ-5508-01A,22
TCGA-YL-A8HO-01A,22
TCGA-CH-5789-01A,22
TCGA-EJ-5512-01A,22
TCGA-YL-A8SH-01B,22
TCGA-CH-5788-01A,22
TCGA-EJ-A7NN-01A,22
TCGA-G9-7521-01A,22
TCGA-ZG-A9LZ-01A,22
TCGA-YL-A9WL-01A,22
TCGA-G9-6379-01A,22
TCGA-CH-5740-01A,22
TCGA-QU-A6IN-01A,22
TCGA-KK-A6E0-01A,22
TCGA-EJ-A65M-01A,22
TCGA-EJ-8474-01A,22
TCGA-KK-A6E4-01A,22
TCGA-ZG-A8QZ-01A,22
TCGA-KK-A6E1-01A,22
TCGA-KK-A59Z-01A,22
TCGA-J4-A67R-01A,22
TCGA-V1-A9ZG-01A,22
TCGA-J9-A8CM-01A,22
TCGA-HC-7211-01A,22
TCGA-EJ-A8FN-01A,22
TCGA-H9-7775-01A,22
TCGA-EJ-5526-01A,22
TCGA-ZG-A9LB-01A,22
TCGA-G9-6362-01A,22
TCGA-YL-A8SJ-01B,22
TCGA-EJ-5514-01A,22
TCGA-HC-7744-01A,22
TCGA-M7-A724-01A,22
TCGA-KC-A7F6-01A,22
TCGA-M7-A725-01A,22
TCGA-V1-A9OL-01A,22
TCGA-G9-6365-01A,22
TCGA-KK-A7AZ-01A,22
TCGA-EJ-7317-01A,22
TCGA-EJ-5498-01A,22
TCGA-V1-A8X3-01A,22
TCGA-KC-A7F3-01A,22
TCGA-EJ-AB20-01A,22
TCGA-KK-A8IC-01A,22
TCGA-CH-5792-01A,22
TCGA-2A-AAYO-01A,22
TCGA-HC-7212-01A,22
TCGA-2A-A8VT-01A,22
TCGA-HI-7171-01A,22
TCGA-CH-5767-01A,22
TCGA-ZG-A9LM-01A,22
TCGA-G9-7523-01A,22
TCGA-2A-A8VX-01A,22
TCGA-J4-A83J-01A,22
TCGA-KK-A59V-01A,22
TCGA-G9-6367-01A,22
TCGA-J4-8198-01A,22
TCGA-G9-6329-01A,22
TCGA-VN-A88K-01A,22
TCGA-CH-5794-01A,22
TCGA-CH-5766-01A,22
TCGA-G9-A9S4-01A,22
TCGA-FC-7961-01A,22
TCGA-V1-A8MU-01A,22
TCGA-EJ-5532-01A,22
TCGA-EJ-7794-01A,22
TCGA-ZG-A9KY-01A,22
TCGA-EJ-AB27-01A,22
TCGA-EJ-A7NK-01A,22
TCGA-G9-6373-01A,22
TCGA-VN-A88I-01A,22
TCGA-J4-A67K-01A,22
TCGA-YL-A8SP-01B,22
TCGA-ZG-A9L9-01A,22
TCGA-YL-A8SR-01B,22
TCGA-KK-A8II-01A,22
TCGA-G9-6496-01A,22
TCGA-EJ-5521-01A,22
TCGA-HC-7232-01A,22
TCGA-G9-6371-01A,22
TCGA-EJ-7793-01A,22
TCGA-VP-A87E-01A,22
TCGA-EJ-7218-01B,22
TCGA-EJ-8469-01A,22
TCGA-G9-6366-01A,22
TCGA-EJ-5504-01A,22
TCGA-YL-A8HM-01A,22
TCGA-ZG-A8QW-01A,22
TCGA-G9-7510-01A,22
TCGA-KK-A7AP-01A,22
TCGA-EJ-7797-01A,22
TCGA-EJ-5511-01A,22
TCGA-G9-6370-01A,22
TCGA-YL-A8HL-01A,22
TCGA-EJ-5497-01A,22
TCGA-KK-A8IA-01A,22
TCGA-VN-A88P-01A,22
TCGA-J4-A83N-01A,22
TCGA-SU-A7E7-01A,22
TCGA-H9-A6BX-01A,22
TCGA-EJ-7791-01A,22
TCGA-CH-5772-01A,22
TCGA-CH-5791-01A,22
TCGA-G9-6499-01A,22
TCGA-G9-6361-01A,22
TCGA-KC-A4BN-01A,22
TCGA-ZG-A9L6-01A,22
TCGA-V1-A9O5-01A,22
TCGA-CH-5763-01A,22
TCGA-YL-A8SQ-01B,22
TCGA-KK-A6E3-01A,22
TCGA-V1-A9OY-01A,22
TCGA-EJ-5501-01A,22
TCGA-2A-A8VO-01A,22
TCGA-KK-A7B2-01A,22
TCGA-EJ-5525-01A,22
TCGA-J4-8200-01A,22
TCGA-ZG-A9LS-01A,22
TCGA-EJ-A7NJ-01A,22
TCGA-EJ-A7NM-01A,22
TCGA-G9-6377-01A,22
TCGA-CH-5790-01A,22
TCGA-V1-A9OH-01A,22
TCGA-TP-A8TV-01A,22
TCGA-CH-5765-01A,22
TCGA-VN-A88L-01A,22
TCGA-EJ-A65J-01A,22
TCGA-KK-A8I5-01A,22
TCGA-EJ-A8FS-01A,22
TCGA-EJ-A46D-01A,22
TCGA-HC-7736-01A,22
TCGA-KK-A8I4-01A,22
TCGA-QU-A6IP-01A,22
TCGA-EJ-A46G-01A,22
TCGA-EJ-7786-01A,22
TCGA-ZG-A9M4-01A,22
TCGA-V1-A9Z8-01A,22
TCGA-G9-6384-01A,22
TCGA-YL-A9WX-01A,22
TCGA-ZG-A8QY-01A,22
TCGA-EJ-A6RC-01A,22
TCGA-Y6-A8TL-01A,22
TCGA-KC-A4BV-01A,22
TCGA-EJ-5531-01A,22
TCGA-G9-6363-01A,22
TCGA-YL-A9WK-01A,22
TCGA-G9-6353-01A,22
TCGA-G9-6498-01A,22
TCGA-EJ-5527-01A,22
TCGA-YL-A8SI-01A,22
TCGA-EJ-7115-01A,22
TCGA-Y6-A9XI-01A,22
TCGA-ZG-A9L4-01A,22
TCGA-G9-6339-01A,22
TCGA-YL-A9WY-01A,22
TCGA-YJ-A8SW-01A,22
TCGA-CH-5751-01A,22
TCGA-KK-A7B1-01A,22
TCGA-FC-A8O0-01A,22
TCGA-G9-7522-01A,22
TCGA-CH-5762-01A,22
TCGA-EJ-7321-01A,22
TCGA-EJ-8468-01A,22
TCGA-G9-6494-01A,22
TCGA-EJ-A46F-01A,22
TCGA-ZG-A9NI-01A,22
TCGA-CH-5754-01A,22
TCGA-J4-A67Q-01A,22
TCGA-YL-A8SK-01B,22
TCGA-KC-A4BL-01A,22
TCGA-CH-5764-01A,22
TCGA-EJ-A46B-01A,22
TCGA-2A-A8W1-01A,22
TCGA-HI-7169-01A,22
TCGA-YL-A9WJ-01A,22
TCGA-G9-6378-01A,22
TCGA-V1-A9Z9-01A,22
TCGA-V1-A9OX-01A,22
TCGA-EJ-A8FO-01A,22
TCGA-V1-A9OQ-01A,22
TCGA-EJ-A7NH-01A,22
TCGA-EJ-7782-01A,22
TCGA-J9-A8CN-01A,22
TCGA-HC-A76X-01A,22
TCGA-EJ-7783-01A,22
TCGA-KK-A8I7-01A,22
TCGA-G9-6356-01A,22
TCGA-EJ-A8FU-01A,22
TCGA-J4-A67N-01A,22
TCGA-M7-A71Y-01A,22
TCGA-CH-5748-01A,22
TCGA-ZG-A9L1-01A,22
TCGA-G9-A9S0-01A,22
TCGA-EJ-5509-01A,22
TCGA-G9-6342-01A,22
TCGA-2A-A8VV-01A,22
TCGA-ZG-A9MC-01A,22
TCGA-KC-A7FE-01A,22
TCGA-CH-5761-01A,22
TCGA-KK-A8IB-01A,22
TCGA-FC-A66V-01A,22
TCGA-KC-A7F5-01A,22
TCGA-CH-5744-01A,22
TCGA-EJ-5524-01A,22
TCGA-G9-6343-01A,22
TCGA-KK-A59X-01A,22
TCGA-V1-A9Z7-01A,22
TCGA-J4-A67O-01A,22
TCGA-YL-A8S8-01A,22
TCGA-EJ-5519-01A,22
TCGA-V1-A8MF-01A,22
TCGA-EJ-A7NG-01A,22
TCGA-EJ-5496-01A,22
TCGA-KK-A8I6-01A,22
TCGA-EJ-7330-01A,22
TCGA-EJ-7314-01A,22
TCGA-CH-5752-01A,22
TCGA-CH-5750-01A,22
TCGA-EJ-A65B-01A,22
TCGA-EJ-5506-01A,22
TCGA-M7-A723-01A,22
TCGA-EJ-5494-01A,22
TCGA-HC-7233-01A,22
TCGA-VP-A875-01A,22
TCGA-EJ-7788-01A,22
TCGA-EJ-5530-01A,22
TCGA-ZG-A9L5-01A,22
TCGA-J9-A8CK-01A,22
TCGA-J4-A6M7-01A,22
TCGA-VP-AA1N-01A,22
TCGA-EJ-A7NF-01A,22
TCGA-G9-7525-01A,22
TCGA-HC-7817-01B,22
TCGA-CH-5768-01A,22
TCGA-V1-A8MJ-01A,22
TCGA-G9-6351-01A,22
TCGA-FC-A5OB-01A,22
TCGA-V1-A8WL-01A,22
TCGA-EJ-5499-01A,22
TCGA-YL-A8SF-01A,22
TCGA-FC-A6HD-01A,22
TCGA-DC-6683-01A,23
TCGA-AH-6547-01A,23
TCGA-F5-6861-01A,23
TCGA-AG-3605-01A,23
TCGA-EI-6506-01A,23
TCGA-AG-4015-01A,23
TCGA-AG-3609-01A,23
TCGA-AG-3878-01A,23
TCGA-AG-3582-01A,23
TCGA-AG-3881-01A,23
TCGA-AG-A02G-01A,23
TCGA-EF-5830-01A,23
TCGA-EI-6885-01A,23
TCGA-DC-6681-01A,23
TCGA-AG-3593-01A,23
TCGA-F5-6571-01A,23
TCGA-AG-A020-01A,23
TCGA-F5-6811-01A,23
TCGA-AF-5654-01A,23
TCGA-AF-3913-01A,23
TCGA-AG-3901-01A,23
TCGA-AG-4001-01A,23
TCGA-DC-6158-01A,23
TCGA-AG-3591-01A,23
TCGA-AG-3587-01A,23
TCGA-G5-6641-01A,23
TCGA-DC-6160-01A,23
TCGA-EI-6510-01A,23
TCGA-DC-5337-01A,23
TCGA-AG-A014-01A,23
TCGA-AG-A011-01A,23
TCGA-AG-A01N-01A,23
TCGA-DT-5265-01A,23
TCGA-AG-3580-01A,23
TCGA-G5-6233-01A,23
TCGA-BM-6198-01A,23
TCGA-EI-6513-01A,23
TCGA-DC-6682-01A,23
TCGA-AG-A02X-01A,23
TCGA-AG-3578-01A,23
TCGA-AG-A026-01A,23
TCGA-AG-3612-01A,23
TCGA-EI-6917-01A,23
TCGA-AH-6549-01A,23
TCGA-AG-A002-01A,23
TCGA-G5-6572-02A,23
TCGA-G5-6572-01A,23
TCGA-DY-A1DE-01A,23
TCGA-AG-A00H-01A,23
TCGA-AG-3581-01A,23
TCGA-AH-6897-01A,23
TCGA-AG-3574-01A,23
TCGA-DY-A1DC-01A,23
TCGA-CI-6621-01A,23
TCGA-F5-6810-01A,23
TCGA-EI-6514-01A,23
TCGA-AG-3599-01A,23
TCGA-EI-6881-01A,23
TCGA-AG-A02N-01A,23
TCGA-DY-A1DD-01A,23
TCGA-AF-6672-01A,23
TCGA-DC-6157-01A,23
TCGA-DC-6156-01A,23
TCGA-DY-A1DG-01A,23
TCGA-AG-3583-01A,23
TCGA-F5-6464-01A,23
TCGA-F5-6863-01A,23
TCGA-EI-6884-01A,23
TCGA-F5-6864-01A,23
TCGA-EI-6512-01A,23
TCGA-EI-6509-01A,23
TCGA-AG-4021-01A,23
TCGA-AG-3731-01A,23
TCGA-AG-A016-01A,23
TCGA-AG-A01W-01A,23
TCGA-AG-A01J-01A,23
TCGA-AG-4007-01A,23
TCGA-EI-6508-01A,23
TCGA-AG-3586-01A,23
TCGA-AH-6643-01A,23
TCGA-EF-5831-01A,23
TCGA-AF-A56N-01A,23
TCGA-EI-6507-01A,23
TCGA-AG-3584-01A,23
TCGA-AG-A01Y-01A,23
TCGA-AH-6644-01A,23
TCGA-AG-3594-01A,23
TCGA-DC-4745-01A,23
TCGA-AG-3898-01A,23
TCGA-AF-6136-01A,23
TCGA-DY-A0XA-01A,23
TCGA-AG-A00Y-01A,23
TCGA-AG-4005-01A,23
TCGA-AG-4022-01A,23
TCGA-DY-A1DF-01A,23
TCGA-AH-6544-01A,23
TCGA-DC-6155-01A,23
TCGA-G5-6235-01A,23
TCGA-AG-3902-01A,23
TCGA-AG-3600-01A,23
TCGA-AG-3598-01A,23
TCGA-AG-3601-01A,23
TCGA-AG-3602-01A,23
TCGA-AF-2690-01A,23
TCGA-AG-A023-01A,23
TCGA-AG-A015-01A,23
TCGA-AG-4008-01A,23
TCGA-AG-A036-01A,23
TCGA-AG-3882-01A,23
TCGA-F5-6813-01A,23
TCGA-AG-3896-01A,23
TCGA-CL-5918-01A,23
TCGA-AF-3400-01A,23
TCGA-AG-3742-01A,23
TCGA-AF-6655-01A,23
TCGA-DC-4749-01A,23
TCGA-AG-A00C-01A,23
TCGA-F5-6465-01A,23
TCGA-AG-3885-01A,23
TCGA-AG-3727-01A,23
TCGA-AG-A008-01A,23
TCGA-AG-3893-01A,23
TCGA-EI-6511-01A,23
TCGA-DY-A1H8-01A,23
TCGA-F5-6702-01A,23
TCGA-DC-5869-01A,23
TCGA-F5-6812-01A,23
TCGA-EI-6882-01A,23
TCGA-AG-3725-01A,23
TCGA-DX-A48J-01A,24
TCGA-QQ-A5VA-01A,24
TCGA-DX-AB36-01A,24
TCGA-Z4-AAPG-01A,24
TCGA-DX-A8BU-01A,24
TCGA-DX-A48N-01A,24
TCGA-DX-A1L4-01A,24
TCGA-SI-A71O-01A,24
TCGA-DX-A8BJ-01A,24
TCGA-X6-A8C4-01A,24
TCGA-MB-A8JL-01A,24
TCGA-DX-A7EI-01A,24
TCGA-QQ-A8VB-01A,24
TCGA-DX-AB2G-01A,24
TCGA-3B-A9HI-01A,24
TCGA-SI-A71P-01A,24
TCGA-IW-A3M6-01A,24
TCGA-MB-A5YA-01A,24
TCGA-IE-A4EH-01A,24
TCGA-DX-A240-01A,24
TCGA-DX-AATS-01A,24
TCGA-SI-AA8B-01A,24
TCGA-VT-A80J-01A,24
TCGA-DX-A3LS-01A,24
TCGA-VT-A80J-02A,24
TCGA-DX-A7ET-01A,24
TCGA-DX-A8BN-01A,24
TCGA-IE-A4EJ-01A,24
TCGA-Z4-A9VC-01A,24
TCGA-X6-A7WA-01A,24
TCGA-DX-A1L2-01A,24
TCGA-DX-A23U-01A,24
TCGA-DX-A6BG-01A,24
TCGA-MO-A47R-01A,24
TCGA-IE-A6BZ-01A,24
TCGA-N1-A6IA-01A,24
TCGA-DX-A8BK-01A,24
TCGA-DX-A6YV-01A,24
TCGA-IE-A4EK-01A,24
TCGA-DX-A1L0-01A,24
TCGA-HS-A5N8-01A,24
TCGA-X6-A8C2-01A,24
TCGA-DX-A8BM-01A,24
TCGA-SI-AA8C-01A,24
TCGA-DX-AB2Z-01A,24
TCGA-X6-A7WB-01A,24
TCGA-DX-AB3B-01A,24
TCGA-PC-A5DO-01A,24
TCGA-DX-AB2X-01A,24
TCGA-K1-A42X-02A,24
TCGA-DX-A7EF-01A,24
TCGA-DX-A8BP-01A,24
TCGA-QQ-A5V9-01A,24
TCGA-DX-AB3C-01A,24
TCGA-DX-A1L3-01A,24
TCGA-X9-A973-01A,24
TCGA-LI-A9QH-01A,24
TCGA-DX-A3UD-01A,24
TCGA-DX-A3U5-01A,24
TCGA-UE-A6QT-01A,24
TCGA-DX-A6B8-01A,24
TCGA-QQ-A5V2-01A,24
TCGA-DX-A23R-01A,24
TCGA-PC-A5DL-01A,24
TCGA-WK-A8Y0-01A,24
TCGA-DX-A7EM-01A,24
TCGA-IE-A4EI-01A,24
TCGA-JV-A5VE-01A,24
TCGA-DX-A7ER-01A,24
TCGA-3R-A8YX-01A,24
TCGA-DX-A8BL-01A,24
TCGA-K1-A3PN-01A,24
TCGA-K1-A3PN-02A,24
TCGA-DX-AB2O-01A,24
TCGA-K1-A42W-01A,24
TCGA-VT-A80G-01A,24
TCGA-X6-A8C6-01A,24
TCGA-DX-A3UB-01A,24
TCGA-DX-AB2F-01A,24
TCGA-DX-AB30-01A,24
TCGA-FX-A3RE-01A,24
TCGA-K1-A42X-01A,24
TCGA-DX-A3M2-01A,24
TCGA-QC-A6FX-01A,24
TCGA-3B-A9I3-01A,24
TCGA-IS-A3K8-01A,24
TCGA-DX-A2J1-01A,24
TCGA-DX-A6Z2-01A,24
TCGA-KF-A41W-01A,24
TCGA-K1-A6RT-01A,24
TCGA-IE-A3OV-01A,24
TCGA-DX-A8BS-01A,24
TCGA-K1-A6RU-01A,24
TCGA-QQ-A8VH-01A,24
TCGA-IS-A3K7-01A,24
TCGA-DX-A8BG-01A,24
TCGA-DX-A6BH-01A,24
TCGA-3B-A9HV-01A,24
TCGA-DX-A3UC-01A,24
TCGA-DX-A8BH-01A,24
TCGA-DX-A7EQ-01A,24
TCGA-DX-A3LW-01A,24
TCGA-DX-A6BB-01A,24
TCGA-LI-A67I-01A,24
TCGA-DX-A3UF-01A,24
TCGA-X6-A8C3-01A,24
TCGA-DX-A1L1-01A,24
TCGA-DX-A8BZ-01A,24
TCGA-DX-A6YZ-01A,24
TCGA-DX-A1KX-01A,24
TCGA-DX-A2IZ-01A,24
TCGA-MO-A47P-01A,24
TCGA-IW-A3M4-01A,24
TCGA-IS-A3KA-01A,24
TCGA-DX-A7EN-01A,24
TCGA-PT-A8TR-01A,24
TCGA-DX-A6BA-01A,24
TCGA-DX-A8BR-01A,24
TCGA-X6-A8C5-01A,24
TCGA-DX-A8BX-01A,24
TCGA-DX-A23Z-01A,24
TCGA-DX-A3U6-01A,24
TCGA-DX-AB2W-01A,24
TCGA-DX-A48K-01A,24
TCGA-HB-A3L4-01A,24
TCGA-DX-A6YQ-01A,24
TCGA-QQ-A5VB-01A,24
TCGA-HB-A3YV-01A,24
TCGA-QQ-A5VC-01A,24
TCGA-DX-A6YU-01A,24
TCGA-WK-A8XX-01A,24
TCGA-X6-A7WC-01A,24
TCGA-DX-AB2V-01A,24
TCGA-DX-A8BV-01A,24
TCGA-DX-A23V-01A,24
TCGA-DX-A1KW-01A,24
TCGA-DX-AB2T-01A,24
TCGA-DX-AB2L-01A,24
TCGA-FX-A3TO-01A,24
TCGA-DX-AB2Q-01A,24
TCGA-QC-A7B5-01A,24
TCGA-SG-A6Z4-01A,24
TCGA-DX-A3U9-01A,24
TCGA-DX-A1KZ-01A,24
TCGA-DX-A2J0-01A,24
TCGA-HS-A5N9-01A,24
TCGA-QQ-A8VF-01A,24
TCGA-DX-A23Y-01A,24
TCGA-DX-AB2H-01A,24
TCGA-QQ-A8VG-01A,24
TCGA-HS-A5N7-01A,24
TCGA-DX-AB37-01A,24
TCGA-DX-A48L-01A,24
TCGA-PC-A5DN-01A,24
TCGA-DX-A48P-01A,24
TCGA-DX-A7ES-01A,24
TCGA-X6-A8C7-01A,24
TCGA-MB-A5Y9-01A,24
TCGA-DX-A6YT-01A,24
TCGA-DX-A3M1-01A,24
TCGA-Z4-AAPF-01A,24
TCGA-DX-A8BQ-01A,24
TCGA-3B-A9I1-01A,24
TCGA-DX-A1KY-01A,24
TCGA-X9-A971-01A,24
TCGA-DX-A48U-01A,24
TCGA-DX-A3LT-01A,24
TCGA-DX-A23T-01A,24
TCGA-DX-A48R-01A,24
TCGA-DX-A3U8-01A,24
TCGA-DX-A3UA-01A,24
TCGA-X6-A7W8-01A,24
TCGA-SG-A849-01A,24
TCGA-DX-A6Z0-01A,24
TCGA-DX-AB3A-01A,24
TCGA-DX-A48O-01A,24
TCGA-DX-A1KU-01A,24
TCGA-DX-A3U7-01A,24
TCGA-MB-A5Y8-01A,24
TCGA-K1-A6RV-01A,24
TCGA-MB-A8JK-01A,24
TCGA-FX-A3NJ-01A,24
TCGA-DX-A6B9-01A,24
TCGA-DX-AB2E-01A,24
TCGA-PC-A5DK-01A,24
TCGA-RN-AAAQ-01A,24
TCGA-IW-A3M5-01A,24
TCGA-SI-A71Q-01A,24
TCGA-JV-A5VF-01A,24
TCGA-DX-AB32-01A,24
TCGA-DX-A7EU-01A,24
TCGA-DX-A3LU-01A,24
TCGA-DX-A3UE-01A,24
TCGA-FX-A2QS-01A,24
TCGA-SG-A6Z7-01A,24
TCGA-UE-A6QU-01A,24
TCGA-3B-A9HL-01A,24
TCGA-X6-A7WD-01A,24
TCGA-DX-A6YS-01A,24
TCGA-HB-A5W3-01A,24
TCGA-RN-A68Q-01A,24
TCGA-DX-AB2S-01A,24
TCGA-QQ-A5VD-01A,24
TCGA-QC-AA9N-01A,24
TCGA-WP-A9GB-01A,24
TCGA-IS-A3K6-01A,24
TCGA-DX-A6B7-01A,24
TCGA-DX-A8BT-01A,24
TCGA-DX-A2J4-01A,24
TCGA-DX-A6YX-01A,24
TCGA-DX-A6BF-01A,24
TCGA-DX-A7EL-01A,24
TCGA-K1-A3PO-01A,24
TCGA-DX-AB35-01A,24
TCGA-DX-A8BO-01A,24
TCGA-PC-A5DM-01A,24
TCGA-PC-A5DP-01A,24
TCGA-HB-A43Z-01A,24
TCGA-3B-A9HJ-01A,24
TCGA-DX-AB2P-01A,24
TCGA-DX-A6BE-01A,24
TCGA-HS-A5NA-01A,24
TCGA-DX-AB2J-01A,24
TCGA-ER-A199-06A,25
TCGA-BF-A5ES-01A,25
TCGA-D3-A8GE-06A,25
TCGA-EE-A2MR-06A,25
TCGA-DA-A1HY-06A,25
TCGA-FR-A44A-06A,25
TCGA-RP-A6K9-06A,25
TCGA-EE-A180-06A,25
TCGA-EB-A3XF-01A,25
TCGA-D3-A1Q8-06A,25
TCGA-GN-A4U8-06A,25
TCGA-EB-A57M-01A,25
TCGA-BF-AAP8-01A,25
TCGA-ER-A42K-06A,25
TCGA-EB-A5VV-06A,25
TCGA-EE-A3AD-06A,25
TCGA-FS-A1Z0-06A,25
TCGA-ER-A2NF-01A,25
TCGA-EB-A6L9-06A,25
TCGA-GN-A9SD-06A,25
TCGA-DA-A95V-06A,25
TCGA-ER-A19C-06A,25
TCGA-D3-A3ML-06A,25
TCGA-ER-A194-01A,25
TCGA-DA-A1I2-06A,25
TCGA-W3-AA1O-06A,25
TCGA-EB-A5FP-01A,25
TCGA-D9-A6E9-06A,25
TCGA-D3-A8GP-06A,25
TCGA-FS-A1ZU-06A,25
TCGA-ER-A2NE-06A,25
TCGA-FS-A1ZT-06A,25
TCGA-RP-A694-06A,25
TCGA-EE-A2MM-06A,25
TCGA-DA-A1I0-06A,25
TCGA-HR-A2OG-06A,25
TCGA-D9-A148-06A,25
TCGA-EB-A5SH-06A,25
TCGA-EE-A2MN-06A,25
TCGA-GN-A268-06A,25
TCGA-D9-A4Z5-01A,25
TCGA-GN-A8LK-06A,25
TCGA-XV-AAZV-01A,25
TCGA-Z2-AA3S-06A,25
TCGA-DA-A95Y-06A,25
TCGA-ER-A3ET-06A,25
TCGA-D3-A2JD-06A,25
TCGA-FS-A1ZZ-06A,25
TCGA-FR-A3YO-06A,25
TCGA-WE-A8K6-06A,25
TCGA-ER-A198-06A,25
TCGA-FS-A1YW-06A,25
TCGA-EE-A184-06A,25
TCGA-ER-A193-06A,25
TCGA-GN-A263-01A,25
TCGA-EB-A24C-01A,25
TCGA-ER-A19L-06A,25
TCGA-DA-A1I8-06A,25
TCGA-WE-A8JZ-06A,25
TCGA-EE-A29M-06A,25
TCGA-BF-AAP6-01A,25
TCGA-EB-A6R0-01A,25
TCGA-FS-A1Z3-06A,25
TCGA-EE-A2GK-06A,25
TCGA-XV-AB01-06A,25
TCGA-FS-A1ZH-06A,25
TCGA-EB-A82B-01A,25
TCGA-BF-A5EP-01A,25
TCGA-FS-A1ZM-06A,25
TCGA-DA-A1IB-06A,25
TCGA-FR-A8YE-06A,25
TCGA-EE-A2GR-06A,25
TCGA-EE-A3J3-06A,25
TCGA-EE-A2GI-06A,25
TCGA-D9-A3Z4-01A,25
TCGA-WE-A8ZO-06A,25
TCGA-WE-AAA3-06A,25
TCGA-EB-A44O-01A,25
TCGA-EE-A29H-06A,25
TCGA-EE-A2MI-06A,25
TCGA-EE-A29L-06A,25
TCGA-FS-A4FC-06A,25
TCGA-D3-A2J8-06A,25
TCGA-EE-A2M5-06A,25
TCGA-EB-A550-01A,25
TCGA-EE-A29W-06A,25
TCGA-DA-A95X-06A,25
TCGA-D3-A1Q7-06A,25
TCGA-EE-A2GS-06A,25
TCGA-ER-A3PL-06A,25
TCGA-EB-A4XL-01A,25
TCGA-DA-A1I4-06A,25
TCGA-EE-A29E-06A,25
TCGA-W3-AA1Q-06A,25
TCGA-ER-A19G-06A,25
TCGA-EE-A185-06A,25
TCGA-EE-A2GH-06A,25
TCGA-EE-A3AA-06A,25
TCGA-EE-A2GL-06A,25
TCGA-EB-A6QY-01A,25
TCGA-D3-A1Q9-06A,25
TCGA-EE-A29N-06A,25
TCGA-EB-A44N-01A,25
TCGA-ER-A19N-06A,25
TCGA-D3-A1Q1-06A,25
TCGA-EE-A3JE-06A,25
TCGA-IH-A3EA-01A,25
TCGA-BF-A5ER-01A,25
TCGA-DA-A960-01A,25
TCGA-EB-A3HV-01A,25
TCGA-EB-A553-01A,25
TCGA-EB-A3XB-01A,25
TCGA-D3-A1QB-06A,25
TCGA-FS-A1ZQ-06A,25
TCGA-FS-A1ZC-06A,25
TCGA-ER-A19J-06A,25
TCGA-D3-A51E-06A,25
TCGA-GN-A8LN-01A,25
TCGA-EB-A431-01A,25
TCGA-FS-A1Z4-06A,25
TCGA-EE-A2GT-06A,25
TCGA-DA-A1HW-06A,25
TCGA-EE-A29B-06A,25
TCGA-YD-A9TB-06A,25
TCGA-WE-A8K1-06A,25
TCGA-D9-A4Z6-06A,25
TCGA-DA-A3F2-06A,25
TCGA-BF-A5EO-01A,25
TCGA-EB-A299-01A,25
TCGA-EE-A29G-06A,25
TCGA-GN-A4U9-06A,25
TCGA-EE-A3AC-06A,25
TCGA-D9-A6EC-06A,25
TCGA-EB-A3XE-01A,25
TCGA-ER-A196-01A,25
TCGA-FR-A69P-06A,25
TCGA-GN-A26D-06A,25
TCGA-EE-A3AE-06A,25
TCGA-EE-A3JD-06A,25
TCGA-DA-A3F8-06A,25
TCGA-EB-A44Q-06A,25
TCGA-EB-A41B-01A,25
TCGA-ER-A19H-06A,25
TCGA-EB-A5UN-06A,25
TCGA-DA-A3F5-06A,25
TCGA-EB-A42Z-01A,25
TCGA-ER-A19S-06A,25
TCGA-ER-A19P-06A,25
TCGA-ER-A19K-01A,25
TCGA-D3-A1Q4-06A,25
TCGA-FS-A1ZG-06A,25
TCGA-FR-A3YN-06A,25
TCGA-D3-A3C3-06A,25
TCGA-D9-A1X3-06A,25
TCGA-EE-A29C-06A,25
TCGA-EE-A29P-06A,25
TCGA-QB-A6FS-06A,25
TCGA-EE-A29R-06A,25
TCGA-EB-A42Y-01A,25
TCGA-GN-A26C-01A,25
TCGA-D3-A1QA-06A,25
TCGA-EE-A3AG-06A,25
TCGA-D9-A4Z2-01A,25
TCGA-FS-A1ZD-06A,25
TCGA-D9-A6EA-06A,25
TCGA-GF-A4EO-06A,25
TCGA-D3-A2JC-06A,25
TCGA-DA-A1I5-06A,25
TCGA-OD-A75X-06A,25
TCGA-D9-A1JX-06A,25
TCGA-FR-A729-06A,25
TCGA-EB-A5UL-06A,25
TCGA-EB-A5SE-01A,25
TCGA-YG-AA3P-06A,25
TCGA-WE-A8K4-01A,25
TCGA-D3-A2JP-06A,25
TCGA-BF-A3DL-01A,25
TCGA-GF-A3OT-06A,25
TCGA-FR-A8YC-06A,25
TCGA-FS-A1ZN-01A,25
TCGA-EE-A2MJ-06A,25
TCGA-XV-A9W2-01A,25
TCGA-D3-A3MO-06A,25
TCGA-LH-A9QB-06A,25
TCGA-WE-AAA4-06A,25
TCGA-FW-A5DY-06A,25
TCGA-D9-A1JW-06A,25
TCGA-3N-A9WD-06A,25
TCGA-BF-AAOU-01A,25
TCGA-FR-A728-01A,25
TCGA-EB-A430-01A,25
TCGA-EB-A85J-01A,25
TCGA-EB-A41A-01A,25
TCGA-D3-A51K-06A,25
TCGA-D3-A5GN-06A,25
TCGA-XV-AAZY-01A,25
TCGA-BF-A3DN-01A,25
TCGA-EB-A5VU-01A,25
TCGA-EB-A3Y7-01A,25
TCGA-EE-A2MD-06A,25
TCGA-EB-A24D-01A,25
TCGA-BF-A5EQ-01A,25
TCGA-WE-A8K5-06A,25
TCGA-WE-AA9Y-06A,25
TCGA-EB-A1NK-01A,25
TCGA-GF-A2C7-01A,25
TCGA-BF-AAOX-01A,25
TCGA-BF-A3DM-01A,25
TCGA-EE-A3JH-06A,25
TCGA-D9-A4Z3-01A,25
TCGA-EE-A2GU-06A,25
TCGA-D3-A8GR-06A,25
TCGA-EE-A2ML-06A,25
TCGA-D3-A8GB-06A,25
TCGA-ER-A19W-06A,25
TCGA-D3-A2JE-06A,25
TCGA-BF-AAP0-06A,25
TCGA-EE-A2A6-06A,25
TCGA-GN-A267-06A,25
TCGA-D3-A3MV-06A,25
TCGA-EB-A5SF-01A,25
TCGA-EE-A29T-06A,25
TCGA-ER-A19E-06A,25
TCGA-GF-A6C8-06A,25
TCGA-FS-A4F9-06A,25
TCGA-D3-A3MR-06A,25
TCGA-FW-A3TV-06A,25
TCGA-FS-A1ZK-06A,25
TCGA-D3-A3CB-06A,25
TCGA-GN-A4U7-06A,25
TCGA-D3-A8GC-06A,25
TCGA-BF-A1PX-01A,25
TCGA-D3-A2JN-06A,25
TCGA-YG-AA3O-06A,25
TCGA-ER-A19F-06A,25
TCGA-FR-A8YD-06A,25
TCGA-DA-A1IA-06A,25
TCGA-EE-A3AF-06A,25
TCGA-EE-A181-06A,25
TCGA-EB-A5KH-06A,25
TCGA-FS-A1ZA-06A,25
TCGA-EE-A2GP-06A,25
TCGA-EE-A2GC-06A,25
TCGA-DA-A1HV-06A,25
TCGA-BF-A1PU-01A,25
TCGA-EE-A2MC-06A,25
TCGA-ER-A19D-06A,25
TCGA-DA-A95W-06A,25
TCGA-D9-A3Z1-06A,25
TCGA-D3-A8GM-06A,25
TCGA-EB-A82C-01A,25
TCGA-ER-A42H-01A,25
TCGA-EE-A29V-06A,25
TCGA-ER-A42L-06A,25
TCGA-EE-A2MU-06A,25
TCGA-D3-A51N-06A,25
TCGA-EB-A4IS-01A,25
TCGA-EE-A3AB-06A,25
TCGA-D3-A51F-06A,25
TCGA-D3-A2JO-06A,25
TCGA-ER-A1A1-06A,25
TCGA-D9-A149-06A,25
TCGA-D3-A8GV-06A,25
TCGA-BF-AAP7-01A,25
TCGA-FS-A1ZP-06A,25
TCGA-RP-A693-06A,25
TCGA-EB-A97M-01A,25
TCGA-XV-A9W5-01A,25
TCGA-WE-A8ZR-06A,25
TCGA-ER-A195-06A,25
TCGA-GN-A26A-06A,25
TCGA-EE-A29S-06A,25
TCGA-EE-A2M8-06A,25
TCGA-WE-A8ZY-06A,25
TCGA-BF-AAP4-01A,25
TCGA-D3-A3CE-06A,25
TCGA-GN-A8LL-06A,25
TCGA-GN-A264-06A,25
TCGA-EB-A551-01A,25
TCGA-WE-A8ZQ-06A,25
TCGA-EE-A2A0-06A,25
TCGA-EE-A2M6-06A,25
TCGA-WE-A8ZT-06A,25
TCGA-BF-AAP1-01A,25
TCGA-BF-A3DJ-01A,25
TCGA-D3-A8GD-06A,25
TCGA-EB-A5SG-06A,25
TCGA-BF-A1PZ-01A,25
TCGA-GF-A6C9-06A,25
TCGA-EE-A2MS-06A,25
TCGA-EE-A3J7-06A,25
TCGA-ER-A197-06A,25
TCGA-FR-A726-01A,25
TCGA-ER-A19A-06A,25
TCGA-FW-A3I3-06A,25
TCGA-EE-A2A2-06A,25
TCGA-EE-A2MP-06A,25
TCGA-D3-A51H-06A,25
TCGA-D3-A8GS-06A,25
TCGA-DA-A3F3-06A,25
TCGA-D3-A3C1-06A,25
TCGA-RP-A695-06A,25
TCGA-XV-A9VZ-01A,25
TCGA-ER-A19Q-06A,25
TCGA-EE-A2MK-06A,25
TCGA-EE-A3JA-06A,25
TCGA-EB-A4IQ-01A,25
TCGA-EB-A3XC-01A,25
TCGA-EB-A85I-01A,25
TCGA-DA-A1IC-06A,25
TCGA-EB-A44P-01A,25
TCGA-EB-A4OY-01A,25
TCGA-EB-A5UM-01A,25
TCGA-EE-A17X-06A,25
TCGA-D3-A8GK-06A,25
TCGA-YD-A89C-06A,25
TCGA-EB-A44R-06A,25
TCGA-DA-A95Z-06A,25
TCGA-GN-A265-06A,25
TCGA-XV-AAZW-01A,25
TCGA-D3-A2J6-06A,25
TCGA-FR-A3R1-01A,25
TCGA-EB-A3XD-01A,25
TCGA-ER-A19M-06A,25
TCGA-3N-A9WC-06A,25
TCGA-Z2-AA3V-06A,25
TCGA-EE-A2MT-06A,25
TCGA-D3-A8GN-06A,25
TCGA-EE-A20F-06A,25
TCGA-EE-A182-06A,25
TCGA-EB-A4OZ-01A,25
TCGA-D3-A1Q5-06A,25
TCGA-D3-A1Q6-06A,25
TCGA-FS-A1ZJ-06A,25
TCGA-HR-A5NC-01A,25
TCGA-GN-A266-06A,25
TCGA-ER-A19T-01A,25
TCGA-ER-A19B-06A,25
TCGA-ER-A19O-06A,25
TCGA-ER-A2NF-06A,25
TCGA-D3-A51T-06A,25
TCGA-EE-A20C-06A,25
TCGA-ER-A2ND-06A,25
TCGA-ER-A3ES-06A,25
TCGA-ER-A2NH-06A,25
TCGA-HR-A2OH-06A,25
TCGA-ER-A2NC-06A,25
TCGA-ER-A2NG-06A,25
TCGA-ER-A2NB-01A,25
TCGA-GN-A262-06A,25
TCGA-BR-6457-01A,26
TCGA-RD-A7BT-01A,26
TCGA-CD-8530-01A,26
TCGA-HU-A4H4-01A,26
TCGA-CG-5724-01A,26
TCGA-F1-6874-01A,26
TCGA-D7-6820-01A,26
TCGA-CG-4477-01A,26
TCGA-RD-A8MV-01A,26
TCGA-D7-A6EX-01A,26
TCGA-VQ-A8PC-01A,26
TCGA-BR-A4CS-01A,26
TCGA-CD-5803-01A,26
TCGA-BR-A4IV-01A,26
TCGA-CD-A4MJ-01A,26
TCGA-CD-8524-01A,26
TCGA-VQ-A91K-01A,26
TCGA-CG-5734-01A,26
TCGA-BR-8060-01A,26
TCGA-CD-8528-01A,26
TCGA-D7-8570-01A,26
TCGA-CG-4444-01A,26
TCGA-BR-7196-01A,26
TCGA-BR-8296-01A,26
TCGA-BR-6803-01A,26
TCGA-CG-4460-01A,26
TCGA-BR-8297-01A,26
TCGA-D7-5577-01A,26
TCGA-VQ-A8PE-01A,26
TCGA-BR-7851-01A,26
TCGA-BR-8679-01A,26
TCGA-BR-8591-01A,26
TCGA-BR-A4PF-01A,26
TCGA-BR-4187-01A,26
TCGA-BR-7958-01A,26
TCGA-D7-A4YY-01A,26
TCGA-CG-4475-01A,26
TCGA-HF-7134-01A,26
TCGA-BR-8291-01A,26
TCGA-D7-A4YX-01A,26
TCGA-D7-A4YU-01A,26
TCGA-VQ-A8PJ-01A,26
TCGA-F1-6177-01A,26
TCGA-BR-A4QM-01A,26
TCGA-CG-5723-01A,26
TCGA-BR-A4J6-01A,26
TCGA-HU-8610-01A,26
TCGA-BR-4279-01A,26
TCGA-IN-A7NU-01A,26
TCGA-BR-8690-01A,26
TCGA-BR-6452-01A,26
TCGA-VQ-A91D-01A,26
TCGA-VQ-A91U-01A,26
TCGA-HU-A4H3-01A,26
TCGA-CG-4466-01A,26
TCGA-RD-A8N1-01A,26
TCGA-D7-A4YV-01A,26
TCGA-B7-A5TK-01A,26
TCGA-VQ-A923-01A,26
TCGA-EQ-8122-01A,26
TCGA-CD-8535-01A,26
TCGA-VQ-A8PO-01A,26
TCGA-VQ-AA6B-01A,26
TCGA-D7-6518-01A,26
TCGA-B7-A5TJ-01A,26
TCGA-BR-6852-01A,26
TCGA-BR-4368-01A,26
TCGA-CD-8529-01A,26
TCGA-BR-8678-01A,26
TCGA-BR-8485-01A,26
TCGA-IN-AB1X-01A,26
TCGA-D7-A6EZ-01A,26
TCGA-BR-A4J2-01A,26
TCGA-BR-A4J8-01A,26
TCGA-CG-4469-01A,26
TCGA-IN-A6RO-01A,26
TCGA-F1-6875-01A,26
TCGA-D7-6528-01A,26
TCGA-CD-8525-01A,26
TCGA-BR-A4J7-01A,26
TCGA-VQ-A928-01A,26
TCGA-BR-A4J5-01A,26
TCGA-BR-8363-01A,26
TCGA-BR-8058-01A,26
TCGA-BR-8364-01A,26
TCGA-BR-8384-01A,26
TCGA-D7-6815-01A,26
TCGA-VQ-A8P3-01A,26
TCGA-IN-A7NT-01A,26
TCGA-BR-6566-01A,26
TCGA-BR-8372-01A,26
TCGA-CD-8534-01A,26
TCGA-BR-8687-01A,26
TCGA-D7-6521-01A,26
TCGA-B7-5818-01A,26
TCGA-F1-A72C-01A,26
TCGA-BR-4253-01A,26
TCGA-CG-4437-01A,26
TCGA-VQ-AA69-01A,26
TCGA-BR-4363-01A,26
TCGA-BR-8366-01A,26
TCGA-BR-7715-01A,26
TCGA-BR-8368-01A,26
TCGA-D7-8575-01A,26
TCGA-CD-A4MG-01A,26
TCGA-BR-7957-01A,26
TCGA-RD-A8MW-01A,26
TCGA-CG-5725-01A,26
TCGA-VQ-A8E7-01B,26
TCGA-BR-6802-01A,26
TCGA-CG-4301-01A,26
TCGA-D7-6525-01A,26
TCGA-VQ-A8DT-01A,26
TCGA-HU-A4GX-01A,26
TCGA-BR-A44U-01A,26
TCGA-D7-6520-01A,26
TCGA-VQ-AA6I-01A,26
TCGA-VQ-A91V-01A,26
TCGA-D7-8578-01A,26
TCGA-VQ-A91X-01A,26
TCGA-BR-A4J9-01A,26
TCGA-BR-4366-01A,26
TCGA-BR-8371-01A,26
TCGA-VQ-A8PK-01A,26
TCGA-VQ-A8PH-01A,26
TCGA-VQ-AA6D-01A,26
TCGA-CG-5721-01A,26
TCGA-BR-8365-01A,26
TCGA-HF-7133-01A,26
TCGA-HU-A4GY-01A,26
TCGA-HF-7136-01A,26
TCGA-B7-A5TI-01A,26
TCGA-D7-A4YT-01A,26
TCGA-BR-8295-01A,26
TCGA-CD-8527-01A,26
TCGA-BR-6456-01A,26
TCGA-CD-A4MH-01A,26
TCGA-VQ-A8P5-01A,26
TCGA-RD-A8N0-01A,26
TCGA-BR-A453-01A,26
TCGA-CG-5716-01A,26
TCGA-EQ-A4SO-01A,26
TCGA-BR-7703-01A,26
TCGA-BR-7704-01A,26
TCGA-HF-A5NB-01A,26
TCGA-BR-4370-01A,26
TCGA-CG-4442-01A,26
TCGA-CD-5804-01A,26
TCGA-VQ-A94U-01A,26
TCGA-D7-5578-01A,26
TCGA-BR-A4QL-01A,26
TCGA-BR-6706-01A,26
TCGA-BR-4294-01A,26
TCGA-D7-6818-01A,26
TCGA-VQ-A94R-01A,26
TCGA-BR-A4IY-01A,26
TCGA-BR-A4IU-01A,26
TCGA-BR-7901-01A,26
TCGA-BR-8367-01A,26
TCGA-HU-A4GU-01A,26
TCGA-CD-8536-01A,26
TCGA-RD-A7BW-01A,26
TCGA-BR-8676-01A,26
TCGA-IN-A6RS-01A,26
TCGA-BR-8486-01A,26
TCGA-D7-A748-01A,26
TCGA-VQ-A8E2-01A,26
TCGA-CD-A486-01A,26
TCGA-CD-8533-01A,26
TCGA-VQ-A8PU-01A,26
TCGA-F1-A448-01A,26
TCGA-HU-A4H5-01A,26
TCGA-CD-A4MI-01A,26
TCGA-IN-A6RN-01A,26
TCGA-VQ-A91Z-01A,26
TCGA-BR-8080-01A,26
TCGA-IN-A6RL-01A,26
TCGA-BR-4257-01A,26
TCGA-BR-6565-01A,26
TCGA-KB-A93H-01A,26
TCGA-BR-6707-01A,26
TCGA-BR-8483-01A,26
TCGA-D7-A4Z0-01A,26
TCGA-CD-5798-01A,26
TCGA-VQ-A94O-01A,26
TCGA-BR-8382-01A,26
TCGA-CG-5732-01A,26
TCGA-D7-8573-01A,26
TCGA-VQ-A8PX-01A,26
TCGA-BR-8677-01A,26
TCGA-BR-A4J1-01A,26
TCGA-VQ-A8E3-01A,26
TCGA-VQ-AA6A-01A,26
TCGA-CD-5800-01A,26
TCGA-VQ-A8E0-01A,26
TCGA-CD-8531-01A,26
TCGA-BR-8369-01A,26
TCGA-BR-4369-01A,26
TCGA-IN-A7NR-01A,26
TCGA-CG-4438-01A,26
TCGA-BR-4267-01A,26
TCGA-CD-8526-01A,26
TCGA-HF-7132-01A,26
TCGA-D7-6522-01A,26
TCGA-VQ-AA6G-01A,26
TCGA-VQ-A94P-01A,26
TCGA-CG-4304-01A,26
TCGA-VQ-A8PF-01A,26
TCGA-BR-8284-01A,26
TCGA-BR-8680-01A,26
TCGA-VQ-A92D-01A,26
TCGA-BR-8588-01A,26
TCGA-BR-6453-01A,26
TCGA-BR-8381-01A,26
TCGA-BR-7959-01A,26
TCGA-D7-A6F0-01A,26
TCGA-BR-8380-01A,26
TCGA-VQ-A8PM-01A,26
TCGA-BR-8362-01A,26
TCGA-BR-4371-01A,26
TCGA-CD-5799-01A,26
TCGA-RD-A7C1-01A,26
TCGA-VQ-A91N-01A,26
TCGA-BR-7716-01A,26
TCGA-BR-A4IZ-01A,26
TCGA-BR-4367-01A,26
TCGA-BR-8590-01A,26
TCGA-VQ-A91S-01A,26
TCGA-CG-5718-01A,26
TCGA-BR-8682-01A,26
TCGA-HU-A4HD-01A,26
TCGA-HU-A4GF-01A,26
TCGA-D7-6822-01A,26
TCGA-KB-A93G-01A,26
TCGA-BR-6458-01A,26
TCGA-CD-A48C-01A,26
TCGA-IN-A6RI-01A,26
TCGA-B7-5816-01A,26
TCGA-BR-8484-01A,26
TCGA-MX-A5UG-01A,26
TCGA-ZA-A8F6-01A,26
TCGA-VQ-A8P2-01A,26
TCGA-BR-7722-01A,26
TCGA-BR-7717-01A,26
TCGA-CD-A48A-01A,26
TCGA-D7-8574-01A,26
TCGA-BR-4255-01A,26
TCGA-BR-A44T-01A,26
TCGA-BR-6564-01A,26
TCGA-FP-7998-01A,26
TCGA-BR-6705-01A,26
TCGA-IN-8462-01A,26
TCGA-CD-A487-01A,26
TCGA-BR-4357-01A,26
TCGA-BR-7723-01A,26
TCGA-SW-A7EB-01A,26
TCGA-CG-4465-01A,26
TCGA-D7-6527-01A,26
TCGA-HU-8608-01A,26
TCGA-FP-7916-01A,26
TCGA-IN-8663-01A,26
TCGA-BR-A4PD-01A,26
TCGA-IN-AB1V-01A,26
TCGA-CD-5801-01A,26
TCGA-VQ-AA6F-01A,26
TCGA-VQ-A8PP-01A,26
TCGA-BR-4280-01A,26
TCGA-CG-4305-01A,26
TCGA-D7-6519-01A,26
TCGA-RD-A8NB-01A,26
TCGA-HU-8602-01A,26
TCGA-CG-4476-01A,26
TCGA-HF-7131-01A,26
TCGA-CD-5813-01A,26
TCGA-BR-4361-01A,26
TCGA-BR-4292-01A,26
TCGA-CG-5717-01A,26
TCGA-VQ-A925-01A,26
TCGA-BR-8059-01A,26
TCGA-CG-5719-01A,26
TCGA-D7-A6EV-01A,26
TCGA-BR-6801-01A,26
TCGA-VQ-A8PQ-01A,26
TCGA-BR-8592-01A,26
TCGA-BR-8081-01A,26
TCGA-BR-6710-01A,26
TCGA-HU-A4GT-01A,26
TCGA-BR-7197-01A,26
TCGA-BR-4256-01A,26
TCGA-HU-A4H2-01A,26
TCGA-CG-5720-01A,26
TCGA-VQ-A8DU-01A,26
TCGA-D7-6817-01A,26
TCGA-D7-A6EY-01A,26
TCGA-CG-4306-01A,26
TCGA-B7-A5TN-01A,26
TCGA-VQ-AA6K-01A,26
TCGA-BR-4191-01A,26
TCGA-VQ-A91Y-01A,26
TCGA-D7-8572-01A,26
TCGA-VQ-A91W-01A,26
TCGA-BR-A4J4-01A,26
TCGA-CG-4443-01A,26
TCGA-BR-8589-01A,26
TCGA-RD-A7BS-01A,26
TCGA-CD-8532-01A,26
TCGA-IN-7808-01A,26
TCGA-BR-6454-01A,26
TCGA-IP-7968-01A,26
TCGA-VQ-AA64-01A,26
TCGA-BR-A4PE-01A,26
TCGA-IN-A6RR-01A,26
TCGA-BR-A452-01A,26
TCGA-D7-6524-01A,26
TCGA-HU-A4GQ-01A,26
TCGA-CD-A489-01A,26
TCGA-BR-6455-01A,26
TCGA-BR-8683-01A,26
TCGA-BR-8289-01A,26
TCGA-SW-A7EA-01A,26
TCGA-CG-5726-01A,26
TCGA-BR-6709-01A,26
TCGA-BR-8286-01A,26
TCGA-BR-8686-01A,26
TCGA-VQ-A8PD-01A,26
TCGA-HJ-7597-01A,26
TCGA-BR-8361-01A,26
TCGA-IN-7806-01A,26
TCGA-BR-4201-01A,26
TCGA-CG-4436-01A,26
TCGA-BR-A4CR-01A,26
TCGA-3M-AB47-01A,26
TCGA-BR-A4QI-01A,26
TCGA-YU-A90Q-01A,27
TCGA-2G-AAGV-01A,27
TCGA-2G-AAH8-01A,27
TCGA-2G-AAGX-01A,27
TCGA-ZM-AA0D-01A,27
TCGA-XE-AAOL-01A,27
TCGA-XE-AAOB-01A,27
TCGA-YU-A90Y-01A,27
TCGA-2G-AAGK-01A,27
TCGA-2G-AAG3-01A,27
TCGA-2G-AAF8-01A,27
TCGA-2G-AALS-01A,27
TCGA-2G-AAKL-01A,27
TCGA-2G-AAGZ-01A,27
TCGA-XE-AAO4-01A,27
TCGA-2G-AALT-01A,27
TCGA-XE-AAOD-01A,27
TCGA-XE-AAOC-01A,27
TCGA-2G-AAM2-01A,27
TCGA-2G-AALQ-01A,27
TCGA-VF-A8A9-01A,27
TCGA-2G-AAL5-01A,27
TCGA-2G-AAKG-05A,27
TCGA-2G-AAGG-01A,27
TCGA-2G-AALW-01A,27
TCGA-2G-AAG8-01A,27
TCGA-2G-AALF-01A,27
TCGA-2G-AAGF-01A,27
TCGA-2G-AAKG-01A,27
TCGA-XY-A9T9-01A,27
TCGA-2G-AALN-01A,27
TCGA-2G-AAGN-01A,27
TCGA-2G-AAHA-01A,27
TCGA-2G-AAL7-01A,27
TCGA-2G-AAH4-01A,27
TCGA-XE-AANR-01A,27
TCGA-SO-A8JP-01A,27
TCGA-2G-AAKH-01A,27
TCGA-4K-AA1G-01A,27
TCGA-2G-AAHG-01A,27
TCGA-2G-AAGP-01A,27
TCGA-2G-AAM3-01A,27
TCGA-YU-A90P-01A,27
TCGA-4K-AA1H-01A,27
TCGA-2G-AAKM-01A,27
TCGA-VF-A8AE-01A,27
TCGA-2G-AAGI-01A,27
TCGA-S6-A8JW-01A,27
TCGA-2G-AAFN-01A,27
TCGA-2G-AAF6-01A,27
TCGA-2G-AAG5-01A,27
TCGA-2G-AAFJ-01A,27
TCGA-ZM-AA05-01A,27
TCGA-YU-A94I-01A,27
TCGA-2G-AAEW-01A,27
TCGA-XE-AANJ-01A,27
TCGA-2G-AAF1-01A,27
TCGA-2G-AAFL-01A,27
TCGA-2G-AAHC-01A,27
TCGA-ZM-AA0B-01A,27
TCGA-2G-AAGM-01A,27
TCGA-2G-AAM4-01A,27
TCGA-W4-A7U3-01A,27
TCGA-YU-A90W-01A,27
TCGA-2G-AAGY-05A,27
TCGA-2G-AALO-01A,27
TCGA-YU-A90S-01A,27
TCGA-2G-AAG9-01A,27
TCGA-W4-A7U2-01A,27
TCGA-XE-AAO6-01A,27
TCGA-2G-AAGW-01A,27
TCGA-2G-AAGT-01A,27
TCGA-2G-AAHL-01A,27
TCGA-2G-AAGS-01A,27
TCGA-VF-A8AA-01A,27
TCGA-4K-AA1I-01A,27
TCGA-2G-AAFM-01A,27
TCGA-YU-A912-01A,27
TCGA-W4-A7U4-01A,27
TCGA-2G-AALZ-01A,27
TCGA-2G-AAH0-01A,27
TCGA-XE-AANI-01A,27
TCGA-2G-AAH3-01A,27
TCGA-2G-AAG6-01A,27
TCGA-XE-AANV-01A,27
TCGA-XE-A8H5-01A,27
TCGA-2G-AAGC-01A,27
TCGA-SN-A84X-01A,27
TCGA-2G-AAEX-01A,27
TCGA-XE-AAOF-01A,27
TCGA-2G-AALG-01A,27
TCGA-2G-AAFI-01A,27
TCGA-2G-AAKO-01A,27
TCGA-X3-A8G4-01A,27
TCGA-XY-A89B-01A,27
TCGA-2G-AAG7-01A,27
TCGA-2G-AAF4-01A,27
TCGA-2X-A9D6-01A,27
TCGA-2G-AAGJ-01A,27
TCGA-VF-A8A8-01A,27
TCGA-2G-AAGY-01A,27
TCGA-2G-AAGO-01A,27
TCGA-2G-AAFY-01A,27
TCGA-2G-AAG0-01A,27
TCGA-2G-AAFG-01A,27
TCGA-YU-AA61-01A,27
TCGA-2G-AAKO-05A,27
TCGA-ZM-AA0E-01A,27
TCGA-2X-A9D5-01A,27
TCGA-2G-AAHP-01A,27
TCGA-XE-A8H1-01A,27
TCGA-S6-A8JY-01A,27
TCGA-2G-AAFG-05A,27
TCGA-SN-A6IS-01A,27
TCGA-XE-A9SE-01A,27
TCGA-XE-AAO3-01A,27
TCGA-2G-AALX-01A,27
TCGA-2G-AALP-01A,27
TCGA-S6-A8JX-01A,27
TCGA-XE-AAOJ-01A,27
TCGA-2G-AAFZ-01A,27
TCGA-2G-AAHT-01A,27
TCGA-EM-A1CW-01A,28
TCGA-EL-A3ZN-01A,28
TCGA-DJ-A4UP-01A,28
TCGA-EM-A3AO-01A,28
TCGA-EL-A4KI-01A,28
TCGA-EL-A3ZG-01A,28
TCGA-DJ-A2PR-01A,28
TCGA-ET-A3BW-01A,28
TCGA-DJ-A3VA-01A,28
TCGA-DJ-A2Q5-01A,28
TCGA-DJ-A3VI-01A,28
TCGA-ET-A3DP-01A,28
TCGA-EL-A3CM-01A,28
TCGA-DJ-A3VM-01A,28
TCGA-MK-A4N9-01A,28
TCGA-BJ-A191-01A,28
TCGA-EM-A3O3-01A,28
TCGA-DJ-A3UY-01A,28
TCGA-J8-A3O2-01A,28
TCGA-BJ-A18Z-01A,28
TCGA-EM-A2CO-01A,28
TCGA-EL-A3ZM-01A,28
TCGA-DE-A3KN-01A,28
TCGA-BJ-A0Z5-01A,28
TCGA-EM-A3SX-01A,28
TCGA-BJ-A2N9-01A,28
TCGA-EM-A3AL-01A,28
TCGA-DJ-A2Q9-01A,28
TCGA-BJ-A4O8-01A,28
TCGA-EL-A3ZH-01A,28
TCGA-EL-A3GY-01A,28
TCGA-ET-A40R-01A,28
TCGA-EL-A3CR-01A,28
TCGA-E8-A414-01A,28
TCGA-EL-A3GS-01A,28
TCGA-ET-A4KQ-01A,28
TCGA-E8-A437-01A,28
TCGA-EM-A2CM-01A,28
TCGA-EM-A2CL-01A,28
TCGA-J8-A4HY-01A,28
TCGA-BJ-A0Z3-01A,28
TCGA-EL-A3CS-01A,28
TCGA-BJ-A0ZF-01A,28
TCGA-DJ-A3V9-01A,28
TCGA-H2-A3RH-01A,28
TCGA-DJ-A2PP-01A,28
TCGA-FE-A3PA-01A,28
TCGA-DJ-A3UV-01A,28
TCGA-DJ-A2PU-01A,28
TCGA-DO-A1JZ-01A,28
TCGA-EM-A3SZ-01A,28
TCGA-ET-A39J-01A,28
TCGA-EL-A3H3-01A,28
TCGA-EL-A3N2-01A,28
TCGA-FK-A3SD-01A,28
TCGA-FE-A3PD-01A,28
TCGA-DJ-A13W-01A,28
TCGA-EM-A3O6-01A,28
TCGA-EL-A3ZQ-01A,28
TCGA-EL-A3ZO-01A,28
TCGA-ET-A3DW-01A,28
TCGA-CE-A3MD-01A,28
TCGA-DJ-A2QC-01A,28
TCGA-EL-A3D6-01A,28
TCGA-DJ-A3UP-01A,28
TCGA-FY-A40L-01A,28
TCGA-EM-A2OV-01A,28
TCGA-BJ-A28S-01A,28
TCGA-J8-A3O0-01A,28
TCGA-EL-A3ZT-01A,28
TCGA-EL-A3CT-01A,28
TCGA-BJ-A0ZA-01A,28
TCGA-FY-A3TY-01A,28
TCGA-BJ-A3PU-01A,28
TCGA-EL-A3GQ-01A,28
TCGA-EM-A3FN-01A,28
TCGA-EM-A1YA-01A,28
TCGA-DJ-A2PZ-01A,28
TCGA-FE-A232-01A,28
TCGA-FY-A3WA-01A,28
TCGA-ET-A3DS-01A,28
TCGA-J8-A42S-01A,28
TCGA-EM-A3AN-01A,28
TCGA-EL-A3D4-01A,28
TCGA-E3-A3E3-01A,28
TCGA-ET-A2MX-01A,28
TCGA-DE-A4MB-01A,28
TCGA-EL-A4JW-01A,28
TCGA-E3-A3E0-01A,28
TCGA-FY-A3I5-01B,28
TCGA-BJ-A28R-01A,28
TCGA-EL-A3GZ-01A,28
TCGA-IM-A3EB-01A,28
TCGA-EL-A3CY-01A,28
TCGA-FE-A236-01A,28
TCGA-ET-A39P-01A,28
TCGA-EL-A3CN-01A,28
TCGA-E8-A433-01A,28
TCGA-DJ-A3V6-01A,28
TCGA-DJ-A1QI-01A,28
TCGA-DJ-A13X-01A,28
TCGA-EL-A3ZK-01A,28
TCGA-ET-A25L-01A,28
TCGA-EL-A4JZ-01A,28
TCGA-ET-A2N4-01A,28
TCGA-ET-A3BU-01A,28
TCGA-DJ-A13R-01A,28
TCGA-EM-A4FH-01A,28
TCGA-BJ-A45J-01A,28
TCGA-BJ-A0ZC-01A,28
TCGA-ET-A4KN-01A,28
TCGA-FY-A40M-01A,28
TCGA-EM-A22O-01A,28
TCGA-BJ-A45H-01A,28
TCGA-ET-A2N5-01A,28
TCGA-ET-A3DO-01A,28
TCGA-EM-A3AP-01A,28
TCGA-EM-A1YC-01A,28
TCGA-DJ-A3V3-01A,28
TCGA-BJ-A0Z0-01A,28
TCGA-EL-A4JX-01A,28
TCGA-EL-A3MY-01A,28
TCGA-FE-A237-01A,28
TCGA-DE-A7U5-01A,28
TCGA-DJ-A1QN-01A,28
TCGA-EM-A1CT-01A,28
TCGA-ET-A2N0-01A,28
TCGA-H2-A2K9-01A,28
TCGA-EM-A2CR-01A,28
TCGA-EL-A3CP-01A,28
TCGA-EM-A3O7-01A,28
TCGA-EM-A2CP-01A,28
TCGA-ET-A3BN-01A,28
TCGA-J8-A3NZ-01A,28
TCGA-DJ-A3UU-01A,28
TCGA-L6-A4ET-01A,28
TCGA-EL-A3H2-01A,28
TCGA-J8-A3YF-01A,28
TCGA-EL-A4K6-01A,28
TCGA-EL-A3N3-01A,28
TCGA-BJ-A290-01A,28
TCGA-EL-A4K4-01A,28
TCGA-EL-A3CW-01A,28
TCGA-EL-A3D0-01A,28
TCGA-BJ-A291-01A,28
TCGA-ET-A3BV-01A,28
TCGA-EL-A3D5-01A,28
TCGA-BJ-A190-01A,28
TCGA-DJ-A2Q7-01A,28
TCGA-DJ-A13O-01A,28
TCGA-EL-A3GX-01A,28
TCGA-DJ-A4V5-01A,28
TCGA-DE-A4MC-01A,28
TCGA-BJ-A0Z9-01A,28
TCGA-E3-A3E1-01A,28
TCGA-BJ-A45K-01A,28
TCGA-EM-A1YD-01A,28
TCGA-DE-A4MA-01A,28
TCGA-DJ-A4UW-01A,28
TCGA-DJ-A3VK-01A,28
TCGA-EM-A3SY-01A,28
TCGA-EL-A3T8-01A,28
TCGA-EM-A2P1-01A,28
TCGA-ET-A3DT-01A,28
TCGA-DJ-A13V-01A,28
TCGA-DJ-A2Q2-01A,28
TCGA-ET-A2N3-01B,28
TCGA-BJ-A45C-01A,28
TCGA-BJ-A0ZG-01A,28
TCGA-CE-A13K-01A,28
TCGA-BJ-A3F0-01A,28
TCGA-EL-A4K2-01A,28
TCGA-EL-A3ZS-01A,28
TCGA-BJ-A28W-01A,28
TCGA-BJ-A0ZE-01A,28
TCGA-EL-A4K1-01A,28
TCGA-EL-A3T7-01A,28
TCGA-EM-A22L-01A,28
TCGA-EM-A1YB-01A,28
TCGA-DO-A1K0-01A,28
TCGA-EL-A3D1-01A,28
TCGA-BJ-A28V-01A,28
TCGA-ET-A25O-01A,28
TCGA-H2-A3RI-01A,28
TCGA-DJ-A4UR-01A,28
TCGA-ET-A3BS-01A,28
TCGA-EL-A3GW-01A,28
TCGA-EL-A3CZ-01A,28
TCGA-DJ-A1QG-01A,28
TCGA-EL-A3TA-01A,28
TCGA-DJ-A2PW-01A,28
TCGA-BJ-A2N7-01A,28
TCGA-DJ-A3UK-01A,28
TCGA-DJ-A1QE-01A,28
TCGA-DJ-A4V2-01A,28
TCGA-EM-A2CJ-01A,28
TCGA-EL-A4K7-01A,28
TCGA-E8-A436-01A,28
TCGA-BJ-A45F-01A,28
TCGA-EL-A3GP-01A,28
TCGA-E3-A3DY-01A,28
TCGA-FE-A234-01A,28
TCGA-ET-A25G-01A,28
TCGA-BJ-A45D-01A,28
TCGA-BJ-A2P4-01A,28
TCGA-CE-A484-01A,28
TCGA-EL-A3ZP-01A,28
TCGA-KS-A4I5-01A,28
TCGA-ET-A2MY-01A,28
TCGA-EL-A3GV-01A,28
TCGA-EL-A3CV-01A,28
TCGA-EL-A3CL-01A,28
TCGA-EL-A3T3-01A,28
TCGA-EM-A2CQ-01A,28
TCGA-CE-A27D-01A,28
TCGA-EM-A3AI-01A,28
TCGA-DJ-A4UL-01A,28
TCGA-DJ-A3US-01A,28
TCGA-EL-A4JV-01A,28
TCGA-ET-A39T-01A,28
TCGA-GE-A2C6-01A,28
TCGA-FY-A3W9-01A,28
TCGA-DE-A69K-01A,28
TCGA-EM-A2CK-01A,28
TCGA-BJ-A0Z2-01A,28
TCGA-BJ-A3PR-01A,28
TCGA-DJ-A4V0-01A,28
TCGA-EM-A3O9-01A,28
TCGA-CE-A481-01A,28
TCGA-DJ-A1QM-01A,28
TCGA-E3-A3E5-01A,28
TCGA-ET-A39I-01A,28
TCGA-DJ-A3UN-01A,28
TCGA-ET-A40Q-01A,28
TCGA-EM-A1CV-01A,28
TCGA-EL-A3CU-01A,28
TCGA-FE-A22Z-01A,28
TCGA-EM-A2CS-01A,28
TCGA-DE-A0Y2-01A,28
TCGA-EL-A4KH-01A,28
TCGA-FE-A231-01A,28
TCGA-BJ-A28Z-01A,28
TCGA-EM-A2CU-01A,28
TCGA-DE-A2OL-01A,28
TCGA-EM-A2CS-06A,28
TCGA-EM-A22Q-01A,28
TCGA-EL-A3T0-01A,28
TCGA-EL-A4K9-01A,28
TCGA-EL-A3T9-01A,28
TCGA-BJ-A0ZJ-01A,28
TCGA-EL-A3T2-01A,28
TCGA-EL-A3H1-01A,28
TCGA-DJ-A2Q0-01A,28
TCGA-DJ-A3V7-01A,28
TCGA-ET-A3BP-01A,28
TCGA-EL-A3T6-01A,28
TCGA-EL-A3ZR-01A,28
TCGA-CE-A485-01A,28
TCGA-EM-A2P1-06A,28
TCGA-J8-A3YH-01A,28
TCGA-EL-A3TB-01A,28
TCGA-CE-A482-01A,28
TCGA-E8-A44K-01A,28
TCGA-E8-A432-01A,28
TCGA-EL-A3GO-01A,28
TCGA-BJ-A18Y-01A,28
TCGA-DJ-A4UT-01A,28
TCGA-FE-A230-01A,28
TCGA-EM-A3FO-01A,28
TCGA-DJ-A2Q6-01A,28
TCGA-EL-A4KD-01A,28
TCGA-FK-A3SE-01A,28
TCGA-BJ-A192-01A,28
TCGA-DJ-A2QA-01A,28
TCGA-L6-A4EU-01A,28
TCGA-BJ-A28X-01A,28
TCGA-ET-A3DV-01A,28
TCGA-EM-A3FP-01A,28
TCGA-DJ-A3V0-01A,28
TCGA-BJ-A45G-01A,28
TCGA-QD-A8IV-01A,28
TCGA-FY-A3BL-01A,28
TCGA-EM-A22J-01A,28
TCGA-FE-A235-01A,28
TCGA-EM-A3FJ-01A,28
TCGA-EM-A4G1-01A,28
TCGA-ET-A39L-01A,28
TCGA-E8-A413-01A,28
TCGA-EM-A3AJ-01A,28
TCGA-DJ-A2PO-01A,28
TCGA-EM-A2OY-01A,28
TCGA-EL-A3ZL-01A,28
TCGA-E8-A418-01A,28
TCGA-EL-A3MZ-01A,28
TCGA-E8-A438-01A,28
TCGA-EL-A3MW-01A,28
TCGA-J8-A3O1-01A,28
TCGA-DJ-A3V2-01A,28
TCGA-ET-A25M-01A,28
TCGA-E8-A417-01A,28
TCGA-EL-A3T1-01A,28
TCGA-E8-A2EA-01A,28
TCGA-ET-A39R-01A,28
TCGA-L6-A4EP-01A,28
TCGA-DE-A69J-01A,28
TCGA-E8-A419-01A,28
TCGA-DJ-A2PS-01A,28
TCGA-FE-A3PC-01A,28
TCGA-BJ-A28T-01A,28
TCGA-DJ-A3UZ-01A,28
TCGA-DJ-A3VB-01A,28
TCGA-FY-A2QD-01A,28
TCGA-EL-A3GR-01A,28
TCGA-DJ-A2QB-01A,28
TCGA-DJ-A13M-01A,28
TCGA-BJ-A3EZ-01A,28
TCGA-E8-A415-01A,28
TCGA-DJ-A3VG-01A,28
TCGA-EM-A3FL-01A,28
TCGA-IM-A3ED-01A,28
TCGA-EM-A3ST-01A,28
TCGA-BJ-A4O9-01A,28
TCGA-EL-A3GU-01A,28
TCGA-CE-A3ME-01A,28
TCGA-DJ-A3VE-01A,28
TCGA-EM-A1YE-01A,28
TCGA-FE-A233-01A,28
TCGA-DJ-A1QL-01A,28
TCGA-4C-A93U-01A,28
TCGA-EL-A3MX-01A,28
TCGA-DJ-A3VJ-01A,28
TCGA-ET-A39M-01A,28
TCGA-DJ-A2Q4-01A,28
TCGA-DJ-A2PQ-01A,28
TCGA-EM-A22I-01A,28
TCGA-DJ-A1QO-01A,28
TCGA-BJ-A0YZ-01A,28
TCGA-FE-A239-01A,28
TCGA-EL-A3H8-01A,28
TCGA-EL-A3H7-01A,28
TCGA-DJ-A2PY-01A,28
TCGA-EL-A3CO-01A,28
TCGA-FE-A23A-01A,28
TCGA-EM-A1CU-01A,28
TCGA-FY-A3ON-01A,28
TCGA-IM-A41Y-01A,28
TCGA-E3-A3DZ-01A,28
TCGA-ET-A2MZ-01A,28
TCGA-EL-A3H5-01A,28
TCGA-EM-A2CN-01A,28
TCGA-DJ-A2PV-01A,28
TCGA-ET-A40P-01A,28
TCGA-E8-A416-01A,28
TCGA-CE-A483-01A,28
TCGA-ET-A39N-01A,28
TCGA-DE-A4M9-01A,28
TCGA-ET-A3BX-01A,28
TCGA-DJ-A13S-01A,28
TCGA-KS-A41F-01A,28
TCGA-EM-A22M-01A,28
TCGA-EL-A3CX-01A,28
TCGA-H2-A422-01A,28
TCGA-DJ-A3UO-01A,28
TCGA-ET-A3BT-01A,28
TCGA-KS-A4IB-01A,28
TCGA-DJ-A1QD-01A,28
TCGA-L6-A4EQ-01A,28
TCGA-BJ-A0ZB-01A,28
TCGA-EL-A4KG-01A,28
TCGA-EL-A3H4-01A,28
TCGA-DJ-A2Q1-01A,28
TCGA-E8-A3X7-01A,28
TCGA-EM-A3SU-01A,28
TCGA-DJ-A2PN-01A,28
TCGA-E8-A2JQ-01A,28
TCGA-BJ-A2NA-01A,28
TCGA-DJ-A1QF-01A,28
TCGA-X7-A8M0-01A,29
TCGA-XM-A8RI-01A,29
TCGA-X7-A8M3-01A,29
TCGA-XM-AAZ2-01A,29
TCGA-5U-AB0E-01A,29
TCGA-XM-A8R8-01A,29
TCGA-ZB-A966-01A,29
TCGA-3G-AB0T-01A,29
TCGA-3G-AB0Q-01A,29
TCGA-4V-A9QX-01A,29
TCGA-ZB-A96D-01A,29
TCGA-XU-AAY1-01A,29
TCGA-X7-A8M1-01A,29
TCGA-5V-A9RR-01A,29
TCGA-X7-A8M4-01A,29
TCGA-ZB-A964-01A,29
TCGA-YT-A95H-01A,29
TCGA-3G-AB14-01A,29
TCGA-X7-A8M6-01A,29
TCGA-5K-AAAP-01A,29
TCGA-ZB-A96Q-01A,29
TCGA-5U-AB0F-01A,29
TCGA-X7-A8DE-01A,29
TCGA-5G-A9ZZ-01A,29
TCGA-XU-A92Z-01A,29
TCGA-3Q-A9WF-01A,29
TCGA-ZB-A962-01A,29
TCGA-XM-A8RB-01A,29
TCGA-XU-A936-01A,29
TCGA-XU-A932-01A,29
TCGA-3G-AB0O-01A,29
TCGA-4X-A9FB-01A,29
TCGA-YT-A95E-01A,29
TCGA-XM-AAZ3-01A,29
TCGA-X7-A8M5-01A,29
TCGA-XM-A8RH-01A,29
TCGA-ZC-AAAH-01A,29
TCGA-3S-AAYX-01A,29
TCGA-YT-A95G-01A,29
TCGA-X7-A8D6-01A,29
TCGA-ZC-AAAA-01A,29
TCGA-4V-A9QL-01A,29
TCGA-ZB-A96A-01A,29
TCGA-XU-A92U-01A,29
TCGA-XM-A8RG-01A,29
TCGA-ZC-AAAF-01A,29
TCGA-ZB-A969-01A,29
TCGA-XU-A92X-01A,29
TCGA-YT-A95D-01A,29
TCGA-4X-A9F9-01A,29
TCGA-ZB-A963-01A,29
TCGA-4V-A9QW-01A,29
TCGA-XM-A8RL-01A,29
TCGA-ZB-A961-01A,29
TCGA-X7-A8M7-01A,29
TCGA-XU-A931-01A,29
TCGA-XU-AAY0-01A,29
TCGA-ZB-A96V-01A,29
TCGA-X7-A8DF-01A,29
TCGA-ZB-A96R-01A,29
TCGA-3G-AB19-01A,29
TCGA-ZL-A9V6-01A,29
TCGA-ZB-A96C-01A,29
TCGA-XM-AAZ1-01A,29
TCGA-XM-A8RE-01A,29
TCGA-X7-A8DG-01A,29
TCGA-ZB-A96P-01A,29
TCGA-ZC-AAA7-01A,29
TCGA-XU-A92Q-01A,29
TCGA-XM-A8RC-01A,29
TCGA-ZB-A96I-01A,29
TCGA-X7-A8DB-01A,29
TCGA-XU-A92V-01A,29
TCGA-X7-A8D9-01A,29
TCGA-3S-A8YW-01A,29
TCGA-YT-A95F-01A,29
TCGA-4V-A9QN-01A,29
TCGA-XM-A8RD-01A,29
TCGA-ZB-A965-01A,29
TCGA-ZB-A96B-01A,29
TCGA-4V-A9QS-01A,29
TCGA-X7-A8D7-01A,29
TCGA-XM-A8RF-01A,29
TCGA-X7-A8DJ-01A,29
TCGA-X7-A8DD-01A,29
TCGA-4X-A9FC-01A,29
TCGA-XU-A933-01A,29
TCGA-FI-A3PX-01A,30
TCGA-BG-A221-01A,30
TCGA-EY-A1GK-01A,30
TCGA-BG-A2AE-01A,30
TCGA-DI-A2QY-01A,30
TCGA-D1-A1O8-01A,30
TCGA-EY-A3QX-01A,30
TCGA-DI-A0WH-01A,30
TCGA-BK-A4ZD-01A,30
TCGA-EY-A215-01A,30
TCGA-AX-A2H2-01A,30
TCGA-BG-A0M8-01A,30
TCGA-KJ-A3U4-01A,30
TCGA-EO-A3KU-01A,30
TCGA-D1-A102-01A,30
TCGA-A5-A0GI-01A,30
TCGA-B5-A1MW-01A,30
TCGA-BG-A186-01A,30
TCGA-B5-A0JY-01A,30
TCGA-A5-A0G3-01A,30
TCGA-FI-A2EX-01A,30
TCGA-D1-A3JQ-01A,30
TCGA-DI-A1BY-01A,30
TCGA-B5-A11Z-01A,30
TCGA-D1-A16O-01A,30
TCGA-AX-A06B-01A,30
TCGA-BG-A0YU-01A,30
TCGA-A5-A0G2-01A,30
TCGA-A5-A0GX-01A,30
TCGA-E6-A2P9-01A,30
TCGA-AJ-A3OL-01A,30
TCGA-D1-A3DA-01A,30
TCGA-AP-A052-01A,30
TCGA-A5-A0G9-01A,30
TCGA-EO-A1Y8-01A,30
TCGA-A5-A1OH-01A,30
TCGA-A5-AB3J-01A,30
TCGA-A5-A0GE-01A,30
TCGA-A5-A0GW-01A,30
TCGA-BK-A26L-01A,30
TCGA-BK-A0CA-01A,30
TCGA-BG-A0M2-01A,30
TCGA-D1-A1NS-01A,30
TCGA-D1-A16J-01A,30
TCGA-AW-A1PO-01A,30
TCGA-B5-A1MS-01B,30
TCGA-EY-A1GU-01A,30
TCGA-AJ-A3NH-01A,30
TCGA-B5-A0JN-01A,30
TCGA-AP-A0LS-01A,30
TCGA-A5-A0GV-01A,30
TCGA-D1-A1NU-01A,30
TCGA-PG-A7D5-01A,30
TCGA-AP-A0LE-01A,30
TCGA-B5-A11L-01B,30
TCGA-AP-A1E3-01A,30
TCGA-D1-A1NY-01A,30
TCGA-D1-A16S-01A,30
TCGA-A5-A0R9-01A,30
TCGA-BG-A2L7-01A,30
TCGA-A5-A0GB-01A,30
TCGA-BG-A222-01A,30
TCGA-DF-A2KZ-01A,30
TCGA-BK-A0CC-01A,30
TCGA-A5-A0GH-01A,30
TCGA-D1-A179-01A,30
TCGA-AX-A064-01A,30
TCGA-EO-A1Y5-01A,30
TCGA-BG-A0LW-01A,30
TCGA-EO-A22S-01A,30
TCGA-D1-A17D-01A,30
TCGA-D1-A16Q-01A,30
TCGA-D1-A16V-01A,30
TCGA-AX-A3FT-01A,30
TCGA-D1-A169-01A,30
TCGA-AX-A3FS-01A,30
TCGA-EY-A72D-01A,30
TCGA-EY-A1GE-01A,30
TCGA-BG-A0LX-01A,30
TCGA-BG-A3PP-01A,30
TCGA-AP-A5FX-01A,30
TCGA-AP-A1DQ-01A,30
TCGA-B5-A11Q-01A,30
TCGA-A5-A0RA-01A,30
TCGA-AP-A05A-01A,30
TCGA-A5-A2K4-01A,30
TCGA-D1-A17Q-01A,30
TCGA-BG-A0VT-01A,30
TCGA-A5-A0GQ-01A,30
TCGA-AX-A060-01A,30
TCGA-E6-A2P8-01A,30
TCGA-D1-A0ZU-01A,30
TCGA-AP-A054-01A,30
TCGA-BG-A0YV-01A,30
TCGA-QF-A5YS-01A,30
TCGA-AX-A0IW-01A,30
TCGA-AJ-A2QK-01A,30
TCGA-AX-A05U-01A,30
TCGA-EY-A1GV-01A,30
TCGA-D1-A1O5-01A,30
TCGA-B5-A3FC-01A,30
TCGA-AX-A06L-01A,30
TCGA-B5-A3FD-01A,30
TCGA-BS-A0U8-01A,30
TCGA-B5-A11X-01A,30
TCGA-EY-A2OP-01A,30
TCGA-BG-A0MA-01A,30
TCGA-BG-A18A-01A,30
TCGA-E6-A1M0-01A,30
TCGA-AX-A3G8-01A,30
TCGA-BS-A0V4-01A,30
TCGA-AX-A3FV-01A,30
TCGA-DF-A2KN-01A,30
TCGA-A5-A2K7-01A,30
TCGA-BS-A0TA-01A,30
TCGA-D1-A16F-01A,30
TCGA-B5-A3FH-01A,30
TCGA-BG-A0M4-01A,30
TCGA-E6-A1LZ-01A,30
TCGA-D1-A17N-01A,30
TCGA-AP-A056-01A,30
TCGA-DI-A1BU-01A,30
TCGA-B5-A3S1-01A,30
TCGA-AJ-A3BH-01A,30
TCGA-B5-A1MV-01A,30
TCGA-AX-A3GI-01A,30
TCGA-BG-A0W1-01A,30
TCGA-BK-A6W3-01A,30
TCGA-EY-A5W2-01A,30
TCGA-B5-A0K7-01A,30
TCGA-A5-A1OF-01A,30
TCGA-B5-A11E-01A,30
TCGA-AX-A3FW-01A,30
TCGA-D1-A167-01A,30
TCGA-EY-A547-01A,30
TCGA-AP-A0LT-01A,30
TCGA-BS-A0T9-01A,30
TCGA-A5-A0G5-01A,30
TCGA-BK-A0CB-01A,30
TCGA-AX-A2HC-01A,30
TCGA-AP-A05O-01A,30
TCGA-A5-A1OG-01A,30
TCGA-B5-A1MY-01A,30
TCGA-D1-A16I-01A,30
TCGA-BG-A18B-01A,30
TCGA-AJ-A23N-01A,30
TCGA-QS-A5YR-01A,30
TCGA-BG-A18C-01A,30
TCGA-BS-A0U9-01B,30
TCGA-D1-A17R-01A,30
TCGA-B5-A1MZ-01A,30
TCGA-AX-A2HK-01A,30
TCGA-AX-A2HG-01A,30
TCGA-5S-A9Q8-01A,30
TCGA-DF-A2KU-01A,30
TCGA-EO-A3AU-01A,30
TCGA-AX-A2H7-01A,30
TCGA-D1-A101-01A,30
TCGA-D1-A15Z-01A,30
TCGA-AX-A2H5-01A,30
TCGA-AJ-A3NC-01A,30
TCGA-AP-A0LG-01A,30
TCGA-B5-A5OE-01A,30
TCGA-D1-A175-01A,30
TCGA-PG-A915-01A,30
TCGA-EC-A1QX-01A,30
TCGA-EY-A1GW-01A,30
TCGA-B5-A1MU-01A,30
TCGA-DI-A2QT-01A,30
TCGA-BS-A0TJ-01A,30
TCGA-EO-A3KX-01A,30
TCGA-PG-A914-01A,30
TCGA-BS-A0UJ-01A,30
TCGA-D1-A17L-01A,30
TCGA-B5-A11G-01A,30
TCGA-AX-A05T-01A,30
TCGA-EY-A1GI-01A,30
TCGA-D1-A160-01A,30
TCGA-A5-A0R7-01A,30
TCGA-D1-A16X-01A,30
TCGA-A5-A0GJ-01A,30
TCGA-B5-A11Y-01A,30
TCGA-D1-A17T-01A,30
TCGA-EO-A3B1-01A,30
TCGA-EY-A2OQ-01A,30
TCGA-BG-A0MU-01A,30
TCGA-EO-A22U-01A,30
TCGA-B5-A11U-01A,30
TCGA-QS-A5YQ-01A,30
TCGA-EO-A2CH-01A,30
TCGA-D1-A17H-01A,30
TCGA-K6-A3WQ-01A,30
TCGA-AP-A0LM-01A,30
TCGA-AX-A0IZ-01A,30
TCGA-EO-A3AZ-01A,30
TCGA-A5-A0VQ-01A,30
TCGA-D1-A0ZZ-01A,30
TCGA-BG-A0M9-01A,30
TCGA-QS-A8F1-01A,30
TCGA-D1-A17K-01A,30
TCGA-EO-A3B0-01A,30
TCGA-BG-A0VV-01A,30
TCGA-AP-A0LV-01A,30
TCGA-A5-A0GA-01A,30
TCGA-EY-A54A-01A,30
TCGA-BS-A0TC-01A,30
TCGA-D1-A3DH-01A,30
TCGA-AX-A05W-01A,30
TCGA-AJ-A2QL-01A,30
TCGA-BG-A0M0-01A,30
TCGA-A5-A3LP-01A,30
TCGA-BG-A0MG-01A,30
TCGA-A5-A0GN-01A,30
TCGA-B5-A3FA-01A,30
TCGA-B5-A5OC-01A,30
TCGA-AP-A0LJ-01A,30
TCGA-AX-A06J-01A,30
TCGA-EY-A1GX-01A,30
TCGA-B5-A11N-01A,30
TCGA-BS-A0V7-01A,30
TCGA-AP-A0LL-01A,30
TCGA-KP-A3W0-01A,30
TCGA-EO-A3AV-01A,30
TCGA-AJ-A23M-01A,30
TCGA-BS-A0TI-01A,30
TCGA-A5-A7WK-01A,30
TCGA-B5-A11H-01A,30
TCGA-EY-A1GT-01A,30
TCGA-AP-A0LI-01A,30
TCGA-D1-A177-01A,30
TCGA-PG-A6IB-01A,30
TCGA-D1-A17B-01A,30
TCGA-D1-A15V-01A,30
TCGA-A5-A0GM-01A,30
TCGA-BK-A139-01A,30
TCGA-BG-A0MH-01A,30
TCGA-EO-A3AY-01A,30
TCGA-AP-A3K1-01A,30
TCGA-B5-A11W-01A,30
TCGA-BG-A2AD-01A,30
TCGA-AP-A051-01A,30
TCGA-AP-A053-01A,30
TCGA-AX-A3G3-01A,30
TCGA-B5-A0KB-01B,30
TCGA-D1-A3JP-01A,30
TCGA-EY-A1GR-01A,30
TCGA-EY-A1GL-01A,30
TCGA-BG-A0MS-01A,30
TCGA-EY-A1G7-01A,30
TCGA-AX-A2HF-01A,30
TCGA-EY-A1G8-01A,30
TCGA-AP-A05D-01A,30
TCGA-A5-A0VO-01A,30
TCGA-SL-A6J9-01A,30
TCGA-EO-A3KW-01A,30
TCGA-B5-A0JX-01A,30
TCGA-D1-A16G-01A,30
TCGA-D1-A0ZR-01A,30
TCGA-D1-A16Y-01A,30
TCGA-SJ-A6ZI-01A,30
TCGA-BS-A0TG-01A,30
TCGA-EY-A2OM-01A,30
TCGA-BG-A187-01A,30
TCGA-AP-A0LH-01A,30
TCGA-EO-A22X-01A,30
TCGA-DF-A2KY-01A,30
TCGA-D1-A15X-01A,30
TCGA-BS-A0U7-01A,30
TCGA-AX-A0IS-01A,30
TCGA-D1-A17F-01A,30
TCGA-SL-A6JA-01A,30
TCGA-A5-A3LO-01A,30
TCGA-AX-A2HJ-01A,30
TCGA-AP-A059-01A,30
TCGA-AJ-A3BF-01A,30
TCGA-AJ-A3BK-01A,30
TCGA-AX-A3FZ-01A,30
TCGA-AP-A1E1-01A,30
TCGA-A5-A2K5-01A,30
TCGA-EY-A1GC-01A,30
TCGA-KP-A3W4-01A,30
TCGA-AX-A063-01A,30
TCGA-FI-A2CY-01A,30
TCGA-EY-A210-01A,30
TCGA-DF-A2KS-01A,30
TCGA-EO-A22R-01A,30
TCGA-A5-A1OK-01A,30
TCGA-AX-A05Y-01A,30
TCGA-B5-A11S-01A,30
TCGA-A5-A0R6-01A,30
TCGA-AX-A3G9-01A,30
TCGA-EY-A1GS-01A,30
TCGA-B5-A0JU-01B,30
TCGA-AP-A05P-01A,30
TCGA-BG-A0RY-01A,30
TCGA-A5-A0GU-01A,30
TCGA-AP-A1DP-01A,30
TCGA-BG-A3EW-01A,30
TCGA-B5-A11F-01A,30
TCGA-B5-A121-01A,30
TCGA-AP-A1DR-01A,30
TCGA-BS-A0UF-01A,30
TCGA-AX-A06F-01A,30
TCGA-AP-A1E4-01A,30
TCGA-AX-A06D-01A,30
TCGA-DF-A2L0-01A,30
TCGA-AX-A062-01A,30
TCGA-AX-A2H8-01A,30
TCGA-D1-A163-01A,30
TCGA-EY-A1H0-01A,30
TCGA-FI-A2EY-01A,30
TCGA-AJ-A3EK-01A,30
TCGA-B5-A1N2-01A,30
TCGA-EY-A1GD-01A,30
TCGA-D1-A16E-01A,30
TCGA-AP-A1DO-01A,30
TCGA-AJ-A3OK-01A,30
TCGA-BG-A0M7-01A,30
TCGA-BG-A0M6-01A,30
TCGA-AP-A0LP-01A,30
TCGA-AP-A1DV-01A,30
TCGA-EY-A3L3-01A,30
TCGA-D1-A2G0-01A,30
TCGA-EY-A2OO-01A,30
TCGA-EC-A1NJ-01A,30
TCGA-AP-A05N-01A,30
TCGA-A5-A0GD-01A,30
TCGA-B5-A0K8-01A,30
TCGA-A5-A0R8-01A,30
TCGA-EY-A1GH-01A,30
TCGA-4E-A92E-01A,30
TCGA-AX-A3G4-01A,30
TCGA-AP-A0LF-01A,30
TCGA-AJ-A2QM-01A,30
TCGA-E6-A8L9-01A,30
TCGA-EY-A1GF-01A,30
TCGA-AP-A1E0-01A,30
TCGA-QS-A744-01A,30
TCGA-D1-A161-01A,30
TCGA-B5-A0K9-01A,30
TCGA-EY-A2ON-01A,30
TCGA-AX-A2HD-01A,30
TCGA-EC-A24G-01A,30
TCGA-D1-A1NZ-01A,30
TCGA-A5-A7WJ-01A,30
TCGA-PG-A5BC-01A,30
TCGA-AJ-A3NG-01A,30
TCGA-A5-A2K3-01A,30
TCGA-EY-A1GP-01A,30
TCGA-EY-A4KR-01A,30
TCGA-AP-A05H-01A,30
TCGA-B5-A0K2-01A,30
TCGA-EY-A212-01A,30
TCGA-AJ-A23O-01A,30
TCGA-EY-A214-01A,30
TCGA-B5-A0K0-01A,30
TCGA-KP-A3W3-01A,30
TCGA-D1-A16D-01A,30
TCGA-B5-A0JZ-01A,30
TCGA-AJ-A3TW-01A,30
TCGA-D1-A3DG-01A,30
TCGA-EY-A1GO-01A,30
TCGA-D1-A17S-01A,30
TCGA-D1-A17M-01A,30
TCGA-AX-A3FX-01A,30
TCGA-D1-A17C-01A,30
TCGA-DF-A2KV-01A,30
TCGA-PG-A916-01A,30
TCGA-D1-A0ZP-01A,30
TCGA-BG-A0M3-01A,30
TCGA-B5-A3FB-01A,30
TCGA-B5-A11V-01A,30
TCGA-AP-A1DH-01A,30
TCGA-A5-A0GG-01A,30
TCGA-AX-A2HA-01A,30
TCGA-AP-A1DM-01A,30
TCGA-B5-A0K4-01A,30
TCGA-B5-A11I-01A,30
TCGA-KP-A3VZ-01A,30
TCGA-D1-A17U-01A,30
TCGA-BK-A13C-01A,30
TCGA-BS-A0TD-01A,30
TCGA-EO-A3L0-01A,30
TCGA-AX-A05S-01A,30
TCGA-B5-A5OD-01A,30
TCGA-D1-A2G7-01A,30
TCGA-EY-A1GQ-01A,30
TCGA-B5-A0K1-01A,30
TCGA-A5-A0VP-01A,30
TCGA-KP-A3W1-01A,30
TCGA-B5-A11P-01B,30
TCGA-D1-A2G6-01A,30
TCGA-DI-A2QU-01A,30
TCGA-BG-A0MK-01A,30
TCGA-SJ-A6ZJ-01A,30
TCGA-D1-A15W-01A,30
TCGA-FI-A2EU-01A,30
TCGA-DI-A1NO-01A,30
TCGA-A5-A1OJ-01A,30
TCGA-B5-A0JT-01A,30
TCGA-D1-A168-01A,30
TCGA-AP-A0LD-01A,30
TCGA-D1-A16B-01A,30
TCGA-FI-A2EW-01A,30
TCGA-BG-A220-01A,30
TCGA-A5-A0G1-01A,30
TCGA-D1-A16N-01A,30
TCGA-EO-A22T-01A,30
TCGA-AX-A05Z-01A,30
TCGA-B5-A0K3-01A,30
TCGA-EO-A1Y7-01A,30
TCGA-AX-A0J1-01A,30
TCGA-BK-A13B-01A,30
TCGA-BS-A0VI-01A,30
TCGA-D1-A176-01A,30
TCGA-BG-A0MC-01A,30
TCGA-D1-A165-01A,30
TCGA-EY-A548-01A,30
TCGA-D1-A16R-01A,30
TCGA-D1-A162-01A,30
TCGA-A5-A0GR-01A,30
TCGA-EO-A22Y-01A,30
TCGA-B5-A1MX-01A,30
TCGA-AX-A0J0-01A,30
TCGA-AJ-A3OJ-01A,30
TCGA-AX-A2HH-01A,30
TCGA-AJ-A3BD-01A,30
TCGA-DI-A1NN-01A,30
TCGA-EY-A1GM-01A,30
TCGA-AP-A0LN-01A,30
TCGA-H5-A2HR-01A,30
TCGA-E6-A1LX-01A,30
TCGA-BG-A0MT-01A,30
TCGA-EY-A549-01A,30
TCGA-BK-A0C9-01A,30
TCGA-AJ-A5DW-01A,30
TCGA-AP-A05J-01A,30
TCGA-D1-A103-01A,30
TCGA-NF-A4X2-01A,31
TCGA-N5-A4RA-01A,31
TCGA-NG-A4VU-01A,31
TCGA-N5-A4RS-01A,31
TCGA-N8-A4PL-01A,31
TCGA-ND-A4W6-01A,31
TCGA-NG-A4VW-01A,31
TCGA-ND-A4WF-01A,31
TCGA-NA-A4QW-01A,31
TCGA-N8-A56S-01A,31
TCGA-N6-A4VD-01A,31
TCGA-NA-A4R1-01A,31
TCGA-N5-A4RT-01A,31
TCGA-N8-A4PM-01A,31
TCGA-NA-A4QX-01A,31
TCGA-NA-A4QV-01A,31
TCGA-N6-A4VE-01A,31
TCGA-N9-A4Q3-01A,31
TCGA-N5-A4RO-01A,31
TCGA-ND-A4WC-01A,31
TCGA-ND-A4WA-01A,31
TCGA-N5-A4R8-01A,31
TCGA-N8-A4PI-01A,31
TCGA-N6-A4VC-01A,31
TCGA-NA-A4QY-01A,31
TCGA-N5-A4RM-01A,31
TCGA-N5-A4RN-01A,31
TCGA-N7-A59B-01A,31
TCGA-N5-A4RV-01A,31
TCGA-N7-A4Y5-01A,31
TCGA-N5-A59F-01A,31
TCGA-N8-A4PQ-01A,31
TCGA-N8-A4PN-01A,31
TCGA-N9-A4PZ-01A,31
TCGA-N7-A4Y0-01A,31
TCGA-QN-A5NN-01A,31
TCGA-N5-A4RJ-01A,31
TCGA-N7-A4Y8-01A,31
TCGA-NA-A4R0-01A,31
TCGA-N6-A4V9-01A,31
TCGA-N9-A4Q1-01A,31
TCGA-N9-A4Q4-01A,31
TCGA-N5-A4RD-01A,31
TCGA-NF-A5CP-01A,31
TCGA-N8-A4PP-01A,31
TCGA-N5-A59E-01A,31
TCGA-N8-A4PO-01A,31
TCGA-N9-A4Q7-01A,31
TCGA-WC-A885-01A,32
TCGA-V4-A9EO-01A,32
TCGA-V4-A9E9-01A,32
TCGA-V4-A9EA-01A,32
TCGA-V3-A9ZX-01A,32
TCGA-V4-A9EL-01A,32
TCGA-V4-A9F4-01A,32
TCGA-WC-A88A-01A,32
TCGA-VD-A8KF-01A,32
TCGA-WC-AA9E-01A,32
TCGA-V4-A9EJ-01A,32
TCGA-V4-A9EH-01A,32
